speaker_a,speaker_b,scenes_together,mean_sentiment,std_sentiment,total_interactions,sentiment_trend,seasons_together
Jim,Pam,797,0.1437558526551982,0.3066306864387451,5348,0.5317975083963166,9
Dwight,Michael,711,0.109860774972209,0.349531193756938,6297,-0.9046968857111215,8
Dwight,Jim,678,0.09831551003344483,0.32728705806957936,4784,0.26186029449455506,9
Michael,Pam,529,0.1515582931110136,0.351289135103486,4558,0.28097506683244416,7
Jim,Michael,501,0.14088848874598073,0.3461709942171151,4665,-0.6985879884847922,8
Dwight,Pam,380,0.11318986175115206,0.3271524776908472,2387,0.38499011255786625,9
Andy,Dwight,329,0.10497305469097377,0.3411193538277378,2249,0.4353442595860041,7
Andy,Jim,316,0.1417284577114428,0.32692972052917285,2010,0.6675610736310618,7
Angela,Dwight,279,0.10523251231527095,0.3249198016655463,1624,0.6382857804086529,9
Kevin,Michael,243,0.1476905460060667,0.358437550587248,1978,-0.1891125603506391,7
Kevin,Oscar,233,0.09803663967611337,0.3014450477876055,988,0.540901521944094,9
Dwight,Phyllis,232,0.09339748653500897,0.3345926214750821,1114,0.7385475234178742,9
Jim,Kevin,230,0.12377745336577452,0.31252115702356986,1233,-0.04142799666491742,9
Andy,Erin,227,0.1329247130317353,0.33427654745625335,1481,-0.22970157146082026,5
Andy,Michael,224,0.15401072186836517,0.370275196033967,1884,-0.62817830019915,5
Kevin,Pam,222,0.106567017208413,0.30495086848752234,1046,0.5895971093206505,9
Andy,Pam,220,0.1450385291766587,0.3179092231046576,1251,0.041295233218609055,7
Michael,Oscar,217,0.144725641025641,0.36694819228491954,1755,-0.7008418605975517,7
Michael,Ryan,215,0.14867251324308417,0.3485530475562965,1699,-0.22503525578173184,7
Angela,Kevin,208,0.07019219620958751,0.3101371430833879,897,0.4917161385863525,9
Michael,Phyllis,203,0.1641434058898848,0.37067612354192997,1562,-0.16088630664858802,7
Andy,Kevin,203,0.12980551724137931,0.329425933861611,1015,0.7769297662254114,7
Pam,Phyllis,202,0.12052207943925233,0.31800643948231294,856,0.6190527084764709,9
Angela,Oscar,198,0.07502385620915032,0.3155891766141908,918,0.3942653842449621,9
Dwight,Oscar,195,0.08751177606177606,0.32212152907641706,1036,-0.15593657941072936,9
Jim,Phyllis,194,0.12645524324324325,0.31095098003708227,925,0.4585497453493416,9
Dwight,Kevin,194,0.08963208661417323,0.3280861306246341,1016,-0.07013391756820037,9
Angela,Pam,185,0.11712535991140641,0.32293836773736706,903,0.5768054687145827,9
Oscar,Pam,183,0.1328549463647199,0.329230952366863,839,-0.2125342385278524,9
Jim,Oscar,178,0.12301666666666666,0.3109973180892201,894,-0.8720195335214148,9
Andy,Phyllis,178,0.11473896424167696,0.3327324308153823,811,0.49887045495969184,7
Michael,Stanley,177,0.1313405153901217,0.37209715102013424,1397,-0.009940680827193996,7
Angela,Michael,175,0.13017367288378767,0.387821764464914,1394,-0.5827746380386529,7
Phyllis,Stanley,171,0.05872034220532319,0.29292875674019814,526,0.3140072211253707,9
Andy,Oscar,167,0.11408161925601751,0.34470651616696896,914,0.164224073910945,7
Dwight,Stanley,164,0.0689939140811456,0.3263549147486869,838,0.5892806799258071,9
Kevin,Phyllis,153,0.07763757225433526,0.3080002109992929,519,-0.12043343106648147,9
Oscar,Phyllis,150,0.10358030592734226,0.31097034283766,523,-0.4537702873028269,9
Jim,Stanley,149,0.09310000000000002,0.30348369814682297,734,0.07124700291815331,9
Jan,Michael,146,0.14234259501965923,0.3335195147087529,1526,-0.5992466612395646,6
Angela,Phyllis,145,0.08039644268774704,0.3063205819401495,506,0.2680777065663601,9
Dwight,Erin,144,0.0820474213836478,0.3516676815429282,795,0.3091476740397931,5
Dwight,Ryan,142,0.09742240566037735,0.34117494363314654,848,-0.1135347805632534,8
Andy,Angela,141,0.11393494764397906,0.33475208439442294,764,0.13211768546996291,7
Andy,Darryl,137,0.11787638737758434,0.34775825752594597,919,0.19958315781945657,7
Pam,Ryan,134,0.14401557788944722,0.3271537007326342,796,0.6129097170052457,8
Angela,Jim,133,0.10957795620437957,0.3121061059916687,685,0.6113995758285227,8
Jim,Ryan,133,0.14704222503160558,0.3177722568019847,791,0.32166642940127504,9
Andy,Stanley,131,0.09208793706293707,0.3374709611096158,572,-0.17484803952936329,7
Kelly,Pam,124,0.14189902280130293,0.33421861878959536,614,-0.05118501731814409,7
Kelly,Michael,124,0.14736535677352638,0.38289527237413795,967,-0.7584970671720894,7
Michael,Toby,123,0.11697821969696971,0.3699057349451551,1056,0.026345842765102555,7
Dwight,Meredith,121,0.08457213675213675,0.3308435506420175,585,-0.47470971529983097,9
Pam,Stanley,120,0.06395157894736843,0.3004465616249315,475,-0.3180586563268429,9
Erin,Pam,117,0.12839566613162118,0.3148610556471537,623,-0.5026054627929466,5
Holly,Michael,116,0.13715797629899726,0.3437564856869983,1097,-0.7776884887081214,3
Meredith,Pam,115,0.10895395256916995,0.32390875214723475,506,-0.5204504202896052,9
Erin,Michael,115,0.1472474736842105,0.3412540680442881,950,-0.9879823954010962,3
Erin,Jim,112,0.1258746086956522,0.31564138310619966,575,-0.06965346223907076,5
Meredith,Michael,111,0.1356198113207547,0.3861558713649024,848,-0.725456730585227,7
Darryl,Michael,109,0.12069927685950413,0.35188924641901864,968,0.061564799856131454,7
Dwight,Kelly,108,0.06738944805194805,0.36008383602062966,616,0.26525910791693336,8
Kelly,Ryan,105,0.10685396551724138,0.3237354207631418,580,-0.18974693741060333,8
Kevin,Meredith,104,0.08855525606469003,0.31741025506360626,371,-0.5597676062502492,8
Jim,Kelly,104,0.14159780775716696,0.3248374906380581,593,0.032392247580125155,8
Erin,Kevin,104,0.12506794582392777,0.3135084166727813,443,0.15897771162578056,5
Meredith,Oscar,100,0.0657530183727034,0.31670459773805343,381,-0.2885731513664555,9
Oscar,Stanley,97,0.07141987577639751,0.30663003773233977,322,-0.3341589263203031,9
Andy,Meredith,95,0.10303704496788008,0.35340664626071533,467,0.2476265232310056,7
Darryl,Dwight,95,0.09413286467486819,0.334987073473634,569,0.5481908967194473,9
Jim,Meredith,95,0.10873386138613861,0.3204981478792047,505,-0.25104058427872944,8
Kevin,Stanley,92,0.05177016949152543,0.29026374013809286,295,0.7770177155164206,9
Darryl,Jim,90,0.14228097731239092,0.3246763769936972,573,0.7890353628490039,9
Darryl,Kevin,88,0.0841821608040201,0.3074421037269857,398,0.3473030049243452,8
Angela,Meredith,85,0.0731734756097561,0.32811858773868247,328,-0.5995084020851033,9
Kelly,Kevin,85,0.11346927899686518,0.34016962438008896,319,0.36077980500400564,9
Meredith,Phyllis,84,0.08916811594202897,0.3414608107642145,276,-0.5336061063939033,9
Andy,Kelly,84,0.12127384615384613,0.34889774873767543,455,0.5349591943318147,6
Creed,Jim,83,0.1380034398034398,0.3185878714435306,407,0.1924925463060182,8
Angela,Kelly,82,0.0902200647249191,0.35163804866269766,309,0.10200384818285105,7
Erin,Phyllis,82,0.1106437037037037,0.26977317800602,270,-0.8176571838063187,5
Creed,Dwight,81,0.07525000000000001,0.32006075494324304,372,0.7155150969878205,8
Dwight,Nellie,80,0.12033035019455252,0.391287308551823,514,1.0,2
Creed,Michael,78,0.10744619205298014,0.37320233673053105,604,0.8816968231157989,6
Erin,Oscar,78,0.09358981481481482,0.31338838462598484,324,0.04772674083116264,5
Kelly,Phyllis,77,0.11662068965517243,0.30872848756721444,261,0.2954358762353165,7
Kelly,Oscar,76,0.0996227414330218,0.32624173970033726,321,-0.621647389076894,8
Darryl,Pam,76,0.16201424657534247,0.3168124150306977,365,0.599290157421301,8
Angela,Stanley,75,0.03346875,0.28999489058447936,240,0.2388475732959848,9
Andy,Ryan,74,0.14910878859857482,0.34376720737750527,421,0.6643468274226368,6
Dwight,Toby,74,0.08274583333333332,0.32295112895138206,480,0.49903194837821124,8
Creed,Pam,74,0.14824624277456647,0.3137251092312884,346,-0.05569624083373984,8
Jim,Toby,73,0.10005825471698114,0.28869661783408684,424,-0.5352563796612818,9
Jim,Karen,71,0.137553125,0.305938051822153,384,1.0,2
Pam,Toby,69,0.12931578947368422,0.29689830744081186,380,0.11099742189834352,8
David,Michael,66,0.15860540935672512,0.3265675630864348,684,-0.8787509599925943,6
Darryl,Oscar,66,0.11300383141762452,0.31763972456438055,261,0.5675026382779147,8
Oscar,Ryan,66,0.09552679245283019,0.3122680249327043,265,-0.18911970919955706,7
Kevin,Ryan,65,0.08004117647058824,0.32456659928317055,289,0.5700904342289954,8
Creed,Kevin,63,0.1212824644549763,0.29038498245215244,211,0.3558439071790581,8
Darryl,Phyllis,62,0.10547953488372093,0.2984753658952365,215,0.514401292407999,8
Meredith,Stanley,60,0.004783798882681563,0.3014389991100209,179,-0.4671958365847557,9
Angela,Erin,60,0.07225608695652173,0.32907016052797233,230,0.6621013921594315,5
Creed,Phyllis,57,0.03567668711656442,0.3120198624263109,163,0.7334617679420427,8
Andy,Robert,57,0.16213690476190476,0.3688795700947352,420,0.9999999999999999,2
Kelly,Meredith,57,0.045417727272727276,0.3465572142247198,220,-0.3465074017222611,7
Andy,Creed,56,0.11711183206106872,0.310482474910283,262,-0.15500787632760965,7
Phyllis,Ryan,56,0.14725797101449276,0.3303444101182375,207,-0.059444918293514955,8
Kevin,Toby,56,0.07495953488372092,0.2861846383828023,215,-0.5257544885654376,9
Creed,Oscar,56,0.11592701149425287,0.30211797424571285,174,0.07327309795924396,8
Ryan,Stanley,52,0.0661447619047619,0.2935018049692053,210,-0.3782885700790711,8
Oscar,Toby,51,0.08443283582089552,0.3181272285559263,201,-0.41999358915932206,7
Gabe,Jim,50,0.17597615062761507,0.35025029170161326,239,-0.9999953468045633,3
Erin,Meredith,50,0.09557431693989071,0.3121628271461159,183,0.5209580750901698,5
Erin,Stanley,50,0.069359477124183,0.30947200501387573,153,-0.6579499126771282,5
Dwight,Gabe,49,0.13885494071146248,0.33009813492524154,253,-0.6050851978714169,3
Clark,Dwight,47,0.16291101694915255,0.3065349990018923,354,0.0,1
Nellie,Pam,47,0.12927544483985765,0.3611571011980777,281,0.9999999999999998,2
Jim,Nellie,47,0.082189453125,0.3702288325393512,256,0.7580605908737394,3
Pam,Roy,46,0.1180186813186813,0.31862158221732456,273,0.9862724734800125,4
Kelly,Stanley,46,0.05287423312883436,0.29730042325458717,163,-0.8419921960903595,7
Erin,Pete,46,0.09534812030075188,0.3000527475185975,266,0.0,1
Angela,Creed,44,0.05772312925170067,0.34519963898815814,147,0.21469013593098743,8
Creed,Meredith,43,0.056866412213740454,0.3146833922296235,131,0.46932215408629774,7
Creed,Stanley,43,0.027232203389830505,0.25680420388387964,118,0.21523831868212892,8
Erin,Kelly,43,0.10378571428571429,0.3506102851569291,168,0.27671840813620635,5
Angela,Toby,42,0.05704747474747475,0.3057282253017349,198,-0.07149882456752088,8
Andy,Toby,39,0.07775925925925925,0.33576590210307117,243,-0.9059437037153034,6
Erin,Ryan,39,0.104778612716763,0.2872902672125696,173,-0.15945706032041962,3
Darryl,Erin,38,0.0561627027027027,0.3169663043959486,185,-0.08577707960557517,3
Erin,Nellie,38,0.10985094339622642,0.3669334206685356,159,1.0,2
Gabe,Michael,37,0.1406190972222222,0.3716960325887815,288,-1.0,2
Kevin,Nellie,37,0.12960965909090907,0.3858775872603691,176,0.9999999999999999,2
Karen,Pam,37,0.1665171717171717,0.3469524397705078,198,1.0,2
Andy,Gabe,37,0.13985019762845846,0.3452951400255401,253,-0.24201475726776805,4
Jan,Pam,37,0.14508591549295774,0.2979976152167431,284,-0.6650514445534556,5
Jim,Robert,37,0.1466936507936508,0.3673162696421363,252,-1.0,2
Kelly,Toby,36,0.11924802259887006,0.2897539418021353,177,-0.3370315221910515,8
Andy,Nellie,35,0.1488784232365145,0.35514101253946345,241,1.0,2
Angela,Darryl,34,0.12049615384615385,0.32356387061880454,130,0.5126439159984247,8
Erin,Gabe,33,0.0907418367346939,0.33254363068763193,196,0.47975133398669945,4
Darryl,Meredith,33,0.02723879310344828,0.308820776271876,116,-0.31574140016575714,6
Meredith,Ryan,33,0.06481603773584906,0.30006663698182684,106,-0.47381770850170196,6
Karen,Michael,32,0.1752094202898551,0.40755790570845396,276,-0.21715834161952904,3
Angela,Ryan,32,0.10581150442477877,0.3114130469277929,113,-0.02358363706893849,6
Darryl,Kelly,32,0.12717905405405405,0.3268093746077943,148,0.31668065168082626,6
Ryan,Toby,32,0.08987727272727274,0.3127070940074145,176,0.16319026242521503,8
Darryl,Stanley,31,0.10133052631578945,0.3314211574333477,95,-0.5716573577943991,7
Darryl,Toby,31,0.09086850828729282,0.3097738571917137,181,-0.7192561686658545,7
Gabe,Pam,31,0.21821767955801105,0.3681807451835271,181,0.9965206134022159,3
Creed,Kelly,31,0.10956435643564359,0.36459423413051867,101,-0.25953295301377366,7
Kevin,Robert,30,0.1498529411764706,0.38165234228771927,170,-0.7260918741435719,3
Dwight,Jan,30,0.11941957295373665,0.2813359254103678,281,0.4998635316476758,7
Darryl,Gabe,29,0.09260694444444445,0.3204776982734736,144,0.14693179480092664,3
David,Dwight,29,0.12091310861423221,0.32587542841842315,267,-0.4612133901734514,4
Creed,Ryan,29,0.07249117647058824,0.30046688444425207,102,0.019477351291678928,7
Phyllis,Toby,29,0.06756371681415928,0.3010761436227581,113,0.23614436939010933,7
Creed,Erin,28,0.095638679245283,0.30114989108439405,106,-0.8539466075928838,4
Gabe,Kevin,28,0.128468345323741,0.33264046614536535,139,0.9784235191631501,4
Dwight,Robert,27,0.1330661111111111,0.3591992106159182,180,0.9185358066183466,3
All,Jim,27,0.12851545454545454,0.2882961448316529,110,-0.6226379778066591,6
Charles,Jim,27,0.13015439330543932,0.24547585939041008,239,0.0,1
Jim,Roy,27,0.1530920634920635,0.34876054184135774,189,0.9008647830256966,5
David,Jim,27,0.20068480392156865,0.31897680629687436,204,-0.31453493243923336,5
Angela,Nellie,26,0.09072678571428572,0.3685718940291566,112,0.9999999999999999,2
Dwight,Holly,26,0.08513668341708543,0.31681857863753005,199,-0.7311601702252123,3
Stanley,Toby,25,0.011617021276595743,0.2878056161526379,94,0.1836117761793991,7
Holly,Kevin,25,0.1710279792746114,0.33338543945092375,193,-0.9202693215108798,3
Nellie,Phyllis,25,0.03941287128712871,0.36586522072386174,101,-0.9999999999999998,2
Michael,Roy,25,0.13166976744186046,0.3721619716679283,172,-0.8814727785459998,3
Creed,Toby,25,0.05870344827586207,0.2472471007690163,87,0.6786689664359232,8
Darryl,Val,24,0.17458260869565215,0.29985654901535436,138,-1.0,2
Darryl,Ryan,24,0.11237719298245614,0.3226088642681744,114,-0.01684355674041001,8
Charles,Dwight,23,0.14061270718232044,0.3377366295554865,181,0.0,1
Erin,Robert,23,0.17776854838709683,0.3705807877109571,124,-0.9999999999999999,2
Meredith,Toby,23,0.08418053097345132,0.3019072153834735,113,-0.6110131584588108,8
Jo,Michael,23,0.18846018518518518,0.33843371579801945,216,-1.0,2
Oscar,Robert,23,0.13461692307692308,0.3722350971627518,130,-0.8917308005744068,3
Gabe,Oscar,22,0.14176960784313727,0.330197969670251,102,-0.2240169407920992,3
All,Dwight,22,0.12707961165048542,0.29800074488706774,103,-0.24395185439284095,6
Andy,Clark,21,0.19527272727272726,0.3402387332739098,154,0.0,1
Darryl,Nellie,21,0.14312947368421053,0.3360123180303723,95,0.9999999999999999,2
Nellie,Oscar,21,0.0305534090909091,0.3719111284814937,88,0.9999999999999999,2
Nellie,Stanley,21,0.13921379310344828,0.348880340508975,87,1.0,2
Darryl,Holly,20,0.09436693548387096,0.19981372079925092,124,0.9999999999999999,2
Carol,Michael,20,0.1808386740331492,0.3016235073096553,181,-1.0,2
Everyone,Jim,20,0.13261862745098038,0.3390424152800065,102,-0.7428737293756397,7
Andy,Karen,20,0.12066781609195404,0.32011593319973,87,0.0,1
Gabe,Toby,20,0.15102264150943398,0.3050241840962589,106,-0.5354178894697664,3
Dwight,Karen,20,0.1050405172413793,0.35085011019503815,116,1.0,2
Charles,Michael,20,0.164453125,0.3195022423197954,224,0.0,1
Jan,Jim,19,0.13302075471698113,0.3181003949500141,159,-0.3829773250412835,4
Meredith,Nellie,19,0.1387029850746269,0.35230930566302243,67,1.0,2
Karen,Phyllis,19,0.12677125,0.3012247533793289,80,0.0,1
Andy,David,19,0.14875976331360946,0.36704350246331247,169,-0.17204940268817479,4
Holly,Jim,18,0.10135827814569535,0.3234591572439745,151,-0.7334065934842204,3
Andy,Pete,17,0.0936328,0.3497881605259961,125,0.0,1
Erin,Toby,17,0.06276623376623378,0.31522242883250273,77,-0.23157112757436638,5
Nellie,Robert,17,0.16994587155963303,0.39197188921209297,109,-1.0,2
All,Andy,17,0.1676529411764706,0.32270797009360913,68,-0.6193980392746762,5
Nellie,Toby,17,0.09451196581196582,0.28810166153319366,117,0.9300777329512407,3
DeAngelo,Michael,17,0.22478962962962962,0.35305089430070774,135,0.0,1
Dwight,Everyone,16,0.07285533980582522,0.33774570508955093,103,-0.3742216642503505,6
Everyone,Oscar,16,0.12644791666666666,0.32659065611607196,48,-0.0013629038014375222,6
Clark,Pam,16,0.2115826446280992,0.3094696382062679,121,-1.0,2
Gabe,Phyllis,16,0.1348558823529412,0.32612093136927384,68,0.9894487232311668,3
Gabe,Meredith,16,0.19422463768115944,0.41609748384200945,69,0.8815009127111044,4
Andy,Everyone,16,0.10170581395348838,0.34596668086468024,86,-0.7309437432935895,6
Angela,Jan,16,0.10594285714285714,0.3082104836933737,105,0.4506842498083516,4
All,Michael,16,0.18033492063492063,0.38253007212784795,126,0.16085210114250656,6
All,Oscar,16,0.16005869565217393,0.3310197219765449,46,-0.5228000104091699,6
Everyone,Phyllis,15,0.13040571428571426,0.23652377221854423,35,-0.39764487270928006,6
All,Kevin,15,0.1443941176470588,0.3278239995352389,51,0.02459001284814218,6
Darryl,Roy,15,0.08197052631578948,0.2862985544657826,95,0.8982976818488757,5
All,Pam,15,0.08276714285714286,0.3338860351854158,70,-0.7206370699227888,5
Donna,Michael,15,0.12469647887323942,0.30635972720380594,142,-1.0,2
Gabe,Kelly,15,0.11184605263157896,0.3348699686527159,76,0.9877356300349954,3
Clark,Jim,15,0.21656382978723404,0.30910570210640637,141,-1.0,2
Nellie,Pete,15,0.12316833333333332,0.3438028802922137,60,0.0,1
Angela,Karen,15,0.14496052631578946,0.3243720176128781,76,0.0,1
Creed,Darryl,15,0.08999285714285714,0.332588503719119,56,0.20635532935456724,6
Gabe,Robert,14,0.17499843750000002,0.37058446089091296,64,-1.0,2
Deangelo,Jim,14,0.1568398058252427,0.3583451908343923,103,0.0,1
Pam,Robert,14,0.14867666666666668,0.3037977364592728,90,1.0,2
Gabe,Ryan,14,0.19874150943396227,0.3252516897314959,53,0.7489873815469626,3
Angela,Gabe,14,0.15074473684210526,0.2847251275559866,38,-0.8821556511636492,3
Helene,Pam,14,0.22503536585365852,0.29032394622086616,82,-0.22352506481920612,3
Andy,Jessica,14,0.1503748148148148,0.29686281398765557,135,1.0,2
Helene,Michael,14,0.14928217821782178,0.33842365926118495,101,-0.9999999999999999,2
Everyone,Kevin,14,0.13170454545454546,0.29075210775015375,44,-0.45082284580373166,6
Cathy,Jim,14,0.09801299999999999,0.31620478701468135,100,0.0,1
All,Stanley,14,0.07226857142857142,0.26137793739162846,35,0.0422408057193291,6
Everyone,Michael,14,0.17137833333333333,0.3863035756119215,120,0.46043440179223516,4
Holly,Pam,14,0.09845384615384616,0.2668769649263196,104,-0.33899765016244565,3
Kevin,Pete,13,0.12271884057971014,0.29222546302339136,69,0.0,1
Robert,Ryan,13,0.13154833333333332,0.3977336338521325,60,-1.0,2
Meredith,Robert,13,0.08125833333333332,0.40276920802185906,72,0.9234537375966384,3
Phyllis,Robert,13,0.13368593750000002,0.33876635886108303,64,0.9999999999999998,2
Jim,Jo,13,0.12226494845360826,0.346762010559498,97,1.0,2
Clark,Erin,13,0.16277936507936508,0.3217733423699271,63,0.0,1
Michael,Todd Packer,13,0.11040729166666667,0.3643491269387073,96,-0.1836806012596713,4
Pam,Pete,13,0.12446571428571429,0.31266294078252305,70,-0.22056228259736393,3
Clark,Pete,13,0.157569696969697,0.3424379191556708,66,0.0,1
Everyone,Pam,13,0.1213267857142857,0.2968103221221253,56,-0.22602900058420056,5
Creed,Nellie,13,0.11266346153846153,0.3681946370879476,52,1.0,2
Charles,Pam,13,0.09537628865979382,0.2146009193652523,97,0.0,1
All,Phyllis,13,0.14378333333333335,0.3224549220003041,30,0.5850901971454888,5
Clark,Kevin,12,0.09748125,0.24500608806742774,48,0.0,1
Erin,Holly,12,0.11045402298850575,0.29902236982578634,87,0.0,1
Kevin,Roy,12,0.08448387096774193,0.25815650304114934,62,0.9922647793991471,3
Deangelo,Michael,12,0.17732926829268295,0.3142128903214826,123,0.0,1
Josh,Michael,12,0.2089164705882353,0.33147984726146545,85,1.0,2
Angela,Everyone,12,0.08524565217391304,0.2909815149563865,46,0.1511992043594566,5
All,Angela,12,0.051402941176470596,0.3491216613203973,34,-0.5242764983281206,6
Meredith,Pete,12,0.08083499999999999,0.3425679104571822,40,0.0,1
Holly,Oscar,12,0.08938764044943821,0.27346233346618254,89,-1.0,2
Andy,Charles,12,0.15077848101265823,0.32791382654319257,79,0.0,1
Clark,Darryl,12,0.12017021276595743,0.3005735700749724,47,0.0,1
Erin,Jessica,11,0.13956506024096385,0.3028873946526237,83,0.0,1
Angela,Senator Lipton,11,0.15353114754098357,0.27692024036107216,61,1.0,2
Darryl,Deangelo,11,0.19048400000000004,0.37515446224721893,50,0.0,1
Dwight,Roy,11,0.08160701754385964,0.3361039552321334,57,0.9998375041123698,3
Group,Pam,11,0.11558297872340424,0.23591658579878824,47,0.2668145771396433,4
Holly,Kelly,11,0.1421818181818182,0.3352482432533934,77,-0.9999999999999998,2
Dwight,Packer,11,0.12919545454545453,0.37264906166681416,66,0.0,1
Andy,Group,11,0.06486760563380281,0.37900717068345596,71,-0.6004664976035771,4
Clark,Stanley,11,0.0678076923076923,0.3316323252814744,39,0.0,1
David,Pam,11,0.23505795454545453,0.2700973299830969,88,-0.8323346334777684,4
Nellie,Packer,11,0.1907964912280702,0.3619377197393837,57,0.0,1
Clark,Oscar,11,0.12179117647058824,0.3116918136346401,34,0.0,1
Danny,Jim,11,0.1351906976744186,0.324677679749348,86,0.0,1
Gabe,Nellie,11,0.015360784313725496,0.3375333546791391,51,-1.0,2
Robert,Stanley,11,0.16044893617021277,0.3191393205218116,47,-1.0,2
Dwight,Pete,11,0.1339674418604651,0.30038771126579467,43,1.0,2
Andy,Susan,11,0.10072659574468086,0.29950108413668447,94,0.0,1
Dwight,Group,10,0.03692826086956522,0.33981950558382645,46,-0.6454943062339996,4
Oscar,Pete,10,0.06828709677419355,0.28756855198642856,31,0.0,1
Gabe,Jo,10,0.10669462365591399,0.32267398286568866,93,-1.0,2
Charles,David,10,0.22496714285714284,0.2793186223250269,70,0.0,1
Angela,Robert,10,0.2699594594594595,0.3866271487366716,37,0.6725481462540419,3
Deangelo,Kevin,10,0.1462768115942029,0.3793839442351999,69,0.0,1
Man,Michael,10,0.1731904761904762,0.3493714787262868,84,0.5087383143165426,4
Dwight,Esther,10,0.13765373134328357,0.2932570017122204,67,0.0,1
Creed,Gabe,10,0.23707999999999996,0.3470961298801497,45,-0.20869920501306988,4
Helene,Jim,10,0.19672280701754383,0.3042555331951088,57,-1.0,2
Andy,Val,10,0.14025468749999997,0.3270459700722933,64,1.0,2
Kevin,Val,10,0.09246829268292683,0.32390089980900805,41,0.9999999999999998,2
Cathy,Dwight,10,0.04401764705882353,0.3343868682956634,85,0.0,1
Dwight,Man,10,0.12750833333333333,0.32697296182389285,60,-0.15285565892907813,5
Jim,Pete,10,0.1839987012987013,0.31239712675296516,77,-0.9879360998222104,3
Robert,Toby,10,0.11745400000000002,0.3971468515347944,50,-1.0,2
Clark,Phyllis,10,0.048715625000000005,0.30267974010223975,32,0.0,1
Katy,Michael,10,0.24766448598130844,0.32902808909218023,107,-1.0,2
Angela,Group,9,-0.006040740740740737,0.25839783747985606,27,0.6383842858339044,4
Angela,Holly,9,0.14369384615384614,0.3405719767490355,65,-0.9999999999999998,2
Robert,Susan,9,0.12643283582089548,0.3611140421793679,67,0.0,1
Group,Oscar,9,0.02301612903225807,0.2836203733716378,31,1.0,2
Jan,Kevin,9,0.18427142857142856,0.3154388620503345,63,-0.14201076985816583,4
Darryl,Lonny,9,0.038433333333333326,0.2636414806857302,69,-0.18667426559773528,3
Clark,Meredith,9,0.1420857142857143,0.33701048173004705,28,0.0,1
Michael,Michael and Dwight,9,0.12686562499999998,0.25692944448497795,64,-0.27518958288493633,5
All,Meredith,9,0.12447037037037037,0.38043847102152556,27,0.06733262840831278,5
Dwight,Jo,9,0.11651758241758241,0.35811384174156485,91,-0.9999999999999998,2
David,Erin,9,0.08340697674418605,0.3245885477033382,43,0.6542911675213876,3
All,Erin,9,0.18638181818181818,0.3068559354550062,22,-0.20785152679714833,4
Dwight,Trevor,9,0.06603552631578948,0.3861917146294146,76,0.0,1
Andy,Jan,9,0.09118375,0.27687766542452913,80,-0.30406798443840566,4
Captain Jack,Michael,9,0.2968412698412698,0.35040457960464977,63,0.0,1
Lonny,Michael,9,0.11399444444444444,0.3921796717948749,90,0.9389625133143715,3
Andy,Holly,9,0.07321780821917809,0.3333918420834542,73,-1.0,2
Dwight,Michael and Dwight,9,0.07312380952380952,0.2559770784097705,42,-0.2104930325912993,5
Jan,Kelly,9,0.22192692307692308,0.3628972699069492,52,0.7849202813596577,3
Holly,Phyllis,9,0.19557384615384615,0.3234538194487373,65,0.9999999999999999,2
Karen,Stanley,8,0.04834615384615385,0.28073910586544615,26,0.0,1
Erin,Irene,8,0.05244468085106383,0.2782960331125378,47,0.0,1
Holly,Meredith,8,0.13750307692307692,0.32678576137384935,65,-0.9833704602806899,3
Bob Vance,Michael,8,0.08836086956521738,0.3658295786875661,46,-0.326950560821615,5
Jim,Packer,8,0.07306,0.34319642788683813,35,0.0,1
Angela,Clark,8,0.15912142857142858,0.2665915406400142,28,0.0,1
Group,Jim,8,0.08184186046511627,0.26664329210472487,43,-0.009695570371316534,5
Dwight,Harry,8,0.06567222222222223,0.277543973437288,54,0.0,1
Michael,Nick,8,0.18806818181818177,0.3945634381374889,44,1.0,2
Deangelo,Pam,8,0.1662551724137931,0.39948989421097303,58,0.0,1
Grotti,Michael,8,0.05232125,0.3109660542944157,80,0.0,1
Dwight,Isabel,8,0.1610179104477612,0.2975834802856458,67,0.0,1
Bob,Phyllis,8,0.191675,0.2997402225956114,48,-0.6011224417945081,4
Dwight,Josh,8,0.09874864864864864,0.3101463539630157,37,0.0,1
Jim,Josh,8,0.11401463414634146,0.2639607607211267,41,0.0,1
Martin,Michael,8,0.09438518518518518,0.47904704764208217,54,0.0,1
Carol,Dwight,8,0.13211020408163265,0.28207804408904497,49,-0.9999999999999999,2
Gabe,Stanley,8,0.08142692307692306,0.3411639697786798,26,-0.9409044487937356,3
Dwight,Nate,8,0.06996986301369863,0.3388199492294862,73,0.4258598608453335,3
Brian,Pam,8,0.16848974358974358,0.321715625179365,117,0.0,1
Jan,Toby,8,0.08787727272727272,0.30457607936250464,44,0.9896066388845862,3
Phyllis,Val,8,0.06766129032258066,0.3654801814294311,31,0.9999999999999999,2
Everybody,Michael,8,0.2512625,0.3663384035494758,56,0.8308428431455909,4
David,Jan,8,0.139766,0.2612671181836704,50,-1.0,2
All,Ryan,8,0.08762083333333333,0.3395403473560085,24,-0.9999999999999999,2
Holly,Toby,8,0.12240943396226414,0.3039082838708744,53,0.1705879969690273,3
Charles,Kevin,8,0.09789672131147541,0.28927196288932044,61,0.0,1
Angela,Charles,8,0.20557111111111112,0.2554639679939421,45,0.0,1
Jim,Katy,7,0.2081242424242424,0.27496300305435367,66,-1.0,2
Darryl,Robert,7,0.11615333333333333,0.2987755866123529,30,0.0,1
All,Darryl,7,0.03140000000000001,0.3627662547089456,18,-0.5630421451771501,3
All,Toby,7,0.106775,0.3320155310749785,20,0.8275368048027819,3
DeAngelo,Jim,7,0.24258461538461532,0.30697732442646564,39,0.0,1
Andy,DeAngelo,7,0.16640243902439023,0.3594997991707468,41,0.0,1
Andy,Deangelo,7,0.17652692307692305,0.43033050049905053,26,0.0,1
Jo,Kevin,7,0.17099999999999999,0.3357349757070947,69,-1.0,2
Michael,Todd,7,0.14431216216216217,0.4049011894653561,74,0.9999999999999999,2
Angela,Pete,7,0.12927777777777777,0.30281476104406274,27,0.0,1
Michael,Mr. Brown,7,0.26347499999999996,0.35060552372130266,72,0.0,1
Danny,Dwight,7,0.14477,0.3594473787635681,60,0.0,1
All,Creed,7,-0.05441,0.33028083035501776,20,-0.965413114317309,3
Christian,Jan,7,0.10060731707317072,0.32086258922780736,41,0.0,1
Christian,Michael,7,0.17746538461538464,0.4039965255394271,52,0.0,1
David,Phyllis,7,0.22790666666666665,0.32857446603979035,45,0.7517270720553205,3
Bob Vance,Phyllis,7,0.06809375000000001,0.3247999046889292,32,-0.6681627924832704,5
Holly,Ryan,7,0.04832745098039215,0.3178152219842137,51,-0.9999999999999999,2
Lester,Michael,7,0.17537692307692307,0.31656248904040357,65,0.0,1
Jim,Nurse,7,0.2477,0.271775806370934,56,0.9672598179389913,3
Everyone,Meredith,7,-0.009436363636363618,0.3571413579897697,22,0.5019512446153513,4
Michael,Micheal,7,0.15029193548387096,0.3494321159318946,62,-0.05312611017085656,4
Everyone,Stanley,7,0.10590000000000001,0.3071600678355298,22,0.8677690335561812,4
Creed,Everyone,7,0.20808947368421052,0.3080730226060337,19,0.6564340957319921,5
Oscar,Senator,7,0.2607242424242424,0.3714384234871345,33,-1.0,2
Nurse,Pam,7,0.09539591836734694,0.2745091351657768,49,0.8852636657263772,3
Pam,Woman,7,0.10003125000000002,0.22045284138209129,32,-0.2710311338203432,4
Hannah,Michael,7,0.12515142857142858,0.4060370583871299,35,0.0,1
Karen,Kevin,7,0.08700000000000002,0.3206813941989243,41,0.0,1
Jan,Josh,7,0.17602926829268292,0.28039119905806725,41,-0.9999999999999999,2
Dwight,Guy,7,0.1311090909090909,0.33415470411321724,33,0.13604873881641294,5
Guy,Michael,7,0.09366724137931035,0.3128626019836443,58,0.1272589440219339,3
Nate,Pam,6,0.1321725,0.27403359829362167,40,-0.4308992734747351,3
All,Kelly,6,0.1743,0.35069840837443744,22,-0.8459840251110062,3
Dwight,Troy,6,0.08548484848484848,0.21760410273707465,33,0.0,1
Roy,Ryan,6,0.1398181818181818,0.3428891851688897,22,-0.9999828337703971,3
Darryl,Pete,6,0.15183599999999997,0.2613571393782844,25,0.0,1
Jim,Mose,6,0.0842219512195122,0.24856940779941875,41,0.9988196279562546,3
Pam,Tom,6,0.12416470588235293,0.27208148853125613,34,1.0,2
Karen,Meredith,6,0.11624999999999999,0.2935761211825162,28,0.0,1
Jan,Oscar,6,0.1713516129032258,0.3231434295259392,31,0.9999999999999999,2
Group,Stanley,6,-0.017983333333333337,0.2347459081408851,18,-0.14469194658621376,3
David,Ryan,6,0.283971875,0.3182917168596826,32,-0.395755018818838,3
Andy,Irene,6,0.04917941176470588,0.2577386624190021,34,0.0,1
Deangelo,Erin,6,0.2081341463414634,0.3794521973233777,41,0.0,1
Dwight,Mose,6,0.0869076923076923,0.272125472224002,52,0.6919931141684365,3
Group,Kevin,6,0.11007441860465117,0.2263323683733707,43,-0.38378062572145916,5
Kenny,Roy,6,0.10480789473684211,0.3201294247986018,38,1.0,2
Everyone,Kelly,6,0.14582105263157896,0.41522250798305005,19,-0.8949830372778387,3
Daryl,Michael,6,0.12265636363636366,0.2828218229741355,55,-0.9999999999999999,2
Alan,Michael,6,0.24881111111111107,0.3894500094704623,36,0.0,1
Donna,Jim,6,0.11732857142857145,0.2270060383985143,35,0.0,1
Group,Michael,6,0.12032307692307695,0.27548645409626327,52,-0.6679859175078071,3
Darryl,Jada,6,0.15182916666666668,0.30731644044205025,24,0.0,1
Andy,Grotti,6,0.0587609756097561,0.2929541951027779,41,0.0,1
Erin,Everyone,6,0.10633333333333334,0.23102952192306506,18,-0.29488813368308203,3
Jim,Phil,6,0.17649130434782606,0.29057900356992417,23,0.0,1
Group,Meredith,6,-0.07277058823529411,0.2605549389164819,17,-0.7559289460184545,3
Dwight,Grotti,6,0.07868292682926828,0.27810237797497545,41,0.0,1
Harry,Jim,6,0.10180645161290323,0.255277604662547,31,0.0,1
Girl,Michael,6,0.10142,0.29106513497840997,25,-1.0,2
Danny,Michael,6,0.14157121212121213,0.3740320601900938,66,0.0,1
Hank,Michael,6,0.18349344262295084,0.3245463607635582,61,-0.9495561539762634,4
Eric,Michael,6,0.13134878048780488,0.37872167727762324,41,0.9999999999999998,2
Darryl,Everyone,6,0.13808181818181817,0.30686725829725797,22,-0.9999999999999999,2
Pete,Tom,6,0.23676111111111112,0.3592633259554101,36,1.0,2
Creed,Pete,6,0.09734761904761904,0.30064595951138534,21,0.0,1
Charles,Kelly,6,0.16984864864864865,0.32173203691776625,37,0.0,1
Andy,Walter,6,0.25596170212765956,0.3226091400699571,47,0.0,1
Andy,Guy,6,0.08303437500000001,0.4041067213693177,32,0.47019512944652475,4
Jan,Phyllis,6,0.1799448275862069,0.32065310247745704,29,0.9999999999999999,2
Dwight,Todd Packer,6,0.1851078947368421,0.31234726573376204,38,-0.3265569024191679,3
Jim,Todd Packer,6,0.15394482758620687,0.23000752549338677,29,-0.6388964668069789,4
Danny,Meredith,5,0.18485945945945947,0.3658550602536766,37,0.0,1
Michael,Vikram,5,0.25180882352941175,0.2528682118598622,34,-1.0,2
Jim,Michael and Dwight,5,0.05154285714285715,0.22123649826207542,21,-0.3879544510622081,4
Dwight,Dwight and Michael,5,0.03491666666666666,0.24466837363164767,24,0.9403991384729581,4
Deangelo,Dwight,5,0.17030566037735848,0.4064635532943137,53,0.0,1
Justin,Michael,5,0.1407275,0.32773153493942264,40,0.0,1
Kelly,Ravi,5,0.35742777777777773,0.3874356101420891,18,-0.9999999999999999,2
Michael,Second Cindy,5,0.162871875,0.3771631520595356,32,0.0,1
Dwight,Nick,5,0.02142580645161291,0.4419495300098899,31,0.0,1
Dwight,Todd,5,0.11703124999999999,0.2551177588848677,32,0.0,1
Dwight,Fannie,5,0.08052352941176469,0.3090881770807041,34,0.0,1
Captain Jack,Dwight,5,0.10929599999999999,0.30424753143452127,25,0.0,1
Dwight,Lawyer,5,-0.0009948717948717978,0.24126412587709756,39,0.9999999999999998,2
Dwight,Jake,5,0.033074193548387094,0.30070985154779684,31,0.0,1
Darryl,Guy,5,-0.04976052631578947,0.3091345181048754,38,0.16087905651205567,4
Angela,Trevor,5,0.01826341463414634,0.27709221213770097,41,0.0,1
Andy,Casey,5,0.1076078431372549,0.2982781185687555,51,0.0,1
Pete,Stanley,5,0.05946470588235293,0.36865343831009456,17,0.0,1
Kevin,Lynn,5,0.1840125,0.23205941285315274,32,0.0,1
Donna,Dwight,5,0.046869999999999995,0.2729159225231585,30,-1.0,2
Clark,Nellie,5,0.2667772727272727,0.367161017355178,22,0.0,1
Michael,Prince Grandfather,5,0.1516142857142857,0.29751355174073624,49,0.0,1
Charles,Stanley,5,0.13009565217391303,0.3302478436598276,46,0.0,1
Everyone,Nellie,5,0.174925,0.23958247666513507,16,-0.9999999999999998,2
Isabel,Michael,5,0.13479545454545452,0.2145271639449138,22,0.0,1
Dwight,Woman,5,0.16650454545454546,0.2854842193971383,22,-0.9985492738898135,3
Nellie,Ryan,5,0.16335581395348836,0.4026676385275588,43,0.0,1
Karen,Ryan,5,0.10638666666666668,0.33534360262605617,15,0.0,1
Dwight,Senator Lipton,5,0.23858666666666667,0.3025761399861015,30,0.0,1
Cathy,Nellie,5,0.021021428571428573,0.4825830996960471,28,0.0,1
Hannah,Stanley,5,0.11129230769230768,0.32834840656637054,13,0.0,1
Jim,Tom,5,0.2087843137254902,0.3197191747992806,51,-0.24353124131160958,3
Kelly,Val,5,0.1031578947368421,0.37364814199540786,19,0.0,1
Andy,Host,5,0.19228214285714285,0.3260937365823902,28,0.0,1
Erin,Susan,5,0.11245,0.24000765554919748,18,0.0,1
AJ,Michael,5,0.21646,0.316560762220743,45,0.9999999999999999,2
AJ,Holly,5,0.20616749999999998,0.30354051656039266,40,1.0,2
Creed,Robert,5,0.03567272727272727,0.42472990153296053,22,0.9999999999999999,2
Bert,Dwight,5,-0.0354970588235294,0.34462120678771363,34,0.0,1
Pam,Vikram,5,0.14362666666666665,0.2669522440853836,15,0.0,1
Group,Phyllis,5,0.029635714285714283,0.2864428729062315,14,-1.0,2
Nellie,Todd Packer,5,0.10323809523809523,0.375525461030389,21,0.0,1
All,Robert,5,0.19214666666666666,0.43956005864449915,15,0.0,1
Andy,Woman,5,0.21235833333333334,0.30179328730753585,24,-0.8865444683746799,4
Mark,Pam,5,0.254965,0.3604323185772886,40,-1.0,2
Michael,Woman,5,0.21617499999999998,0.39072729220646973,48,-0.04861870487082071,3
Carol,Jan,5,0.2213607843137255,0.2710968078868574,51,0.0,1
Kenny,Pam,5,0.17724285714285712,0.24364760183008374,28,0.0,1
Deangelo,Gabe,5,0.09573571428571429,0.22300618699662914,28,0.0,1
Andy,Man,5,0.17426499999999998,0.3952896662891658,20,0.29017893733768785,3
Jim,Man,5,0.10894666666666668,0.24257611277471014,30,1.0,2
Deangelo,Ryan,5,0.22529090909090907,0.4577687125173362,33,0.0,1
Eric,Toby,4,0.1198090909090909,0.2917426277156739,33,0.0,1
Dwight,Suit Store Father,4,0.0016382352941176463,0.3453767670025317,34,0.0,1
Everybody,Pam,4,0.1858846153846154,0.2447843064544591,13,-0.9995867136121225,3
Angela,Everybody,4,0.252675,0.31129683349123016,12,1.0,2
David,Robert,4,0.26085675675675674,0.3805516873943283,37,0.0,1
Jan,Meredith,4,0.29179444444444447,0.3276874942045007,18,0.0,1
Elizabeth,Michael,4,0.17478387096774195,0.44702025435585185,31,1.0,2
Michael,Michel,4,0.054930303030303045,0.3336916390783822,33,0.9753098873054246,3
Mose,Pam,4,0.03435384615384615,0.23775435000593692,26,1.0,2
Ad guy 1,Ad guy 2,4,0.3046555555555555,0.26119761616706616,18,0.0,1
Ad guy 2,Michael,4,0.09904814814814815,0.38674292770030105,27,0.0,1
Deangelo,Phyllis,4,0.1622638888888889,0.4618320883856538,36,0.0,1
Glenn,Irene,4,-0.04594375,0.11365010981489415,16,0.0,1
Martin,Pam,4,0.12932631578947365,0.3791677310305397,19,0.0,1
Andy,Both,4,0.08844,0.2282833584239844,15,0.1021141771088233,4
Hannah,Pam,4,0.1446722222222222,0.31167318853346576,18,0.0,1
Dwight,Rachel,4,0.17318571428571428,0.23953960063444382,21,0.0,1
Erin,Glenn,4,0.15673571428571426,0.334488064290882,14,0.0,1
Dwight,Waitress,4,0.019394117647058822,0.11948651644623652,17,0.944911182523068,3
Ben Franklin,Pam,4,0.277635,0.22640289590683244,20,0.0,1
Hannah,Karen,4,0.012450000000000004,0.30446200319397637,18,0.0,1
Deangelo,Kelly,4,0.09230645161290324,0.4063877267764195,31,0.0,1
Angela,Deangelo,4,0.1993709677419355,0.3815922830030117,31,0.0,1
Andy,Glenn,4,0.11283750000000001,0.2272753090279496,16,0.0,1
Brandon,Val,4,0.09211923076923077,0.32087825874912407,26,0.0,1
Alan,David,4,0.23542000000000002,0.34093412354881697,20,0.0,1
Jim,Todd,4,0.039024,0.21682672027220262,25,0.0,1
Bob Vance,Kevin,4,0.10969230769230769,0.30269801011147035,13,1.0,2
Hospital employee,Pam,4,0.20518965517241378,0.3212990650520623,29,0.0,1
Andy,Nate,4,0.15641944444444444,0.34906057164547977,36,1.0,2
Jim,Jim and Pam,4,0.09528333333333333,0.249209985643522,18,0.8311127785836625,3
Clark,Suit Store Son,4,0.04937307692307692,0.26969982966494765,26,0.0,1
Jim,Nate,4,0.047251851851851864,0.272575877808799,27,0.26489269207661714,3
Dwight and Michael,Michael,4,0.184251724137931,0.3786127442166128,29,0.7181302087199999,4
Dwight,Pizza guy,4,0.025018181818181818,0.3291541233862167,22,0.0,1
Angela,Rachel,4,0.18222777777777777,0.23434267123536934,18,0.0,1
Guy,Oscar,4,0.003718181818181815,0.18877779539198422,11,0.675284394481196,4
Erin,Packer,4,0.102725,0.31687114922052045,12,0.0,1
Andy,Josh,4,0.036475,0.34107676219340033,24,0.0,1
Lily,Sam,4,0.05192499999999997,0.3069041601895723,12,0.0,1
Andy,Daryl,4,0.0926478260869565,0.37185122886487487,23,0.0,1
Hunter,Michael,4,0.176925,0.30959161844005617,24,0.0,1
Angela,Roy,4,0.0127,0.22743250427324585,15,0.6505548899872433,3
Michael,Pizza guy,4,0.0031800000000000114,0.36543356629868823,45,0.0,1
Andy,Girl,4,-0.011486363636363628,0.35926799100324,22,-1.0,2
Director,Producer,4,0.12297894736842103,0.3073163612184945,19,0.0,1
Bill,Michael,4,0.3092,0.39120486758353695,19,0.0,1
Hank,Jim,4,0.028891999999999987,0.29359848217591317,25,0.7483204673549038,3
Everyone,Toby,4,0.012573684210526315,0.2953499883583351,19,-1.0,2
Dwight,Receptionist,4,0.1197090909090909,0.31122422333437133,22,-1.0,2
Donna,Pam,4,0.10754545454545456,0.32781751029360284,33,0.0,1
Group,Nellie,4,-0.007209090909090907,0.17357751453952497,11,0.0,1
Oscar,Senator Lipton,4,0.25810416666666663,0.3138026774890641,24,1.0,2
Erin,Senator Lipton,4,0.2370142857142857,0.3490011785840575,14,0.0,1
Erin,Group,4,0.03297777777777778,0.31330021377365397,9,0.0,1
Angela,Val,4,-0.008818181818181826,0.26056914914779017,11,0.0,1
Fannie,Jeb,4,0.016120000000000013,0.4156386598958282,20,0.0,1
Jake,Michael,4,0.12817555555555554,0.3671832313742951,45,0.0,1
Lefevre,Michael,4,0.220512,0.3535460075520582,25,0.0,1
David,Kevin,4,0.14097307692307692,0.2828141269968565,26,-0.18682128877369295,3
Dwight,Prince Grandfather,4,0.10722857142857144,0.284850051351763,35,0.0,1
Charles,Phyllis,4,0.22595263157894738,0.33898249662687685,19,0.0,1
Host,Kevin,4,0.19941739130434782,0.34410659452151554,23,0.0,1
Michael,Waitress,4,0.08722857142857145,0.1717679328486608,28,0.4432806340581617,3
Karen,Kelly,4,0.212525,0.3595311521620901,16,0.0,1
Michael,Packer,4,0.15683529411764707,0.32725379539046223,51,0.9999999999999999,2
Jessica,Kevin,4,0.13616842105263158,0.3003514293424175,19,0.0,1
Dwight,Jeb,4,0.17704444444444445,0.384038620100108,27,0.0,1
Micahel,Michael,4,0.09492499999999998,0.30382120324570283,36,-1.0,2
Angela,Shirley,4,0.10942051282051282,0.3097623441214804,39,0.0,1
Dwight,Photographer,4,0.160875,0.2568561185274744,16,1.0,2
Angela,Senator,4,0.20013809523809525,0.41562014190637664,21,0.0,1
Kelly,Robert,4,0.1421184210526316,0.3039426061258269,38,0.0,1
Dwight,Wolf,4,0.1820142857142857,0.34727286380996647,28,0.0,1
Dwight,Zeke,4,0.10273793103448275,0.2485934798348682,29,0.0,1
Melissa,Michael,4,0.17836046511627907,0.3655039306501558,43,0.0,1
Jim and Pam,Pam,4,0.04103684210526317,0.25929861105546026,19,0.2128600810407728,3
Darryl,Nate,4,0.23882765957446805,0.3348911539285993,47,0.0,1
Matt,Oscar,4,0.09094347826086956,0.1990052846711165,23,0.0,1
Andy,Julia,4,0.22329666666666667,0.4142214073683569,30,0.0,1
Dwight,Rolph,4,0.06772499999999998,0.35733466369077604,20,0.0,1
Dwight,Val,4,0.12495999999999999,0.3604759709051354,25,0.9999999999999999,2
Bob,Michael,4,0.08860204081632651,0.2665818597635982,49,0.5292531573142966,3
Madge,Michael,4,0.04606500000000001,0.27214841773377996,20,0.4693370996847908,3
Dwight,Rolf,4,0.13553928571428575,0.3844490272169527,28,0.0,1
Kids,Michael,4,0.18930416666666663,0.4303583588893937,24,1.0,2
Bar Manager,Michael,4,0.11400199999999999,0.24134168433157172,50,0.0,1
Dwight,Secretary,4,0.15129583333333335,0.33275937186797944,24,0.9999999999999997,2
Hospital employee,Jim,4,0.17891724137931034,0.3009597178555634,29,0.0,1
Katy,Pam,4,0.2696695652173914,0.26014220264206106,23,0.9999999999999999,2
Abby,Michael,4,0.1603692307692308,0.355013898719506,39,0.0,1
Dwight,Kids,4,0.17500833333333335,0.3469458686364328,12,-0.529667243710205,3
All,Gabe,4,0.29249285714285717,0.3461745997620394,14,-0.9999999999999999,2
Athlead Employee,Darryl,4,0.1897380952380953,0.39950894557740746,21,0.0,1
Ad guy 1,Michael,4,0.16703939393939396,0.4026856717916586,33,0.0,1
DeAngelo,Pam,4,0.20125454545454546,0.2730487547661385,11,0.0,1
Angela,Lawyer,4,0.039635,0.22655882740471622,20,0.0,1
DeAngelo,Meredith,4,0.26403125,0.4247827381714534,16,0.0,1
DeAngelo,Kevin,4,0.18425185185185186,0.35598457246052667,27,0.0,1
Holly,Stanley,4,0.112284375,0.2851994730769315,32,-0.9999999999999999,2
Holly,Jan,4,0.20623809523809525,0.2529271953898996,21,0.0,1
Julie,Michael,4,0.22584210526315787,0.2786243959466229,19,0.0,1
DeAngelo,Dwight,4,0.1034923076923077,0.39664487596984804,26,0.0,1
Clark,Suit Store Father,4,0.10946774193548386,0.3428709701698639,31,0.0,1
Everyone,Ryan,4,0.06937857142857141,0.26383377661640195,14,0.12310285282277186,4
Diane Kelly,Michael,4,0.14705853658536586,0.3394551394446981,41,0.0,1
Deangelo,Oscar,4,0.18620526315789473,0.402151962602361,38,0.0,1
Mema,Michael,3,0.18589677419354841,0.3874463338354067,31,0.0,1
Jan,Karen,3,0.10695882352941176,0.3764972526402746,17,0.0,1
Michael,Tony,3,0.16131296296296294,0.3219782779918985,54,0.0,1
Dwight,Hannah,3,-0.027428571428571438,0.325133676747122,7,0.0,1
Hannah,Ryan,3,-0.05627142857142857,0.24089242835924987,7,0.0,1
Michael,Mikela,3,0.13873043478260869,0.3017850551443968,23,0.0,1
Crowd,Jim,3,0.30183846153846156,0.34882641823573457,13,0.6791543066514428,3
Crowd,Dwight,3,-0.0016799999999999996,0.2651396379268856,10,1.0,2
Ryan,Troy,3,0.09719375,0.3451708788208204,16,0.0,1
Doctor,Michael,3,0.007949999999999992,0.3019153420248796,16,0.9999999999999998,2
Jim,Martin,3,0.08161111111111109,0.36542787537182414,18,0.0,1
Creed,David,3,0.22917058823529413,0.30162845427622664,17,-1.0,2
Karen,Martin,3,0.08152500000000001,0.28775527688471675,8,0.0,1
Martin,Ryan,3,0.10339999999999999,0.2604681694041084,11,0.0,1
Angela,Hannah,3,0.15626153846153848,0.40837419970199945,13,0.0,1
Creed,Karen,3,0.069,0.2551444340412352,9,0.0,1
Both,Dwight,3,0.015303846153846152,0.2718913746344148,26,-0.5564644945366557,3
Delivery man,Pam,3,0.09301999999999999,0.14250755629088588,10,0.0,1
David,Oscar,3,0.23094285714285714,0.5637649607951953,7,-1.0,2
Kevin,Lonny,3,0.0017157894736842144,0.30958317352472486,19,-0.9999999999999998,2
Michael,Receptionist,3,0.2048357142857143,0.2177439981365498,28,-0.9757642569744147,3
Hannah,Meredith,3,-0.08316000000000001,0.29305345996933735,10,0.0,1
Diane,Michael,3,0.12817575757575758,0.24399698834492972,33,0.0,1
Andy,Waitress,3,0.13007857142857143,0.20868164125758445,14,-1.0,2
Diane Kelly,Toby,3,0.01345333333333334,0.3417787332308564,15,0.0,1
Jessica,Phyllis,3,-0.08265294117647058,0.2879875020115958,17,-0.9999999999999998,2
Nick,Pam,3,0.16034,0.3842880409276354,15,0.0,1
Stanley,Waiter,3,0.012425,0.06789634409647302,12,0.35921060405354976,3
Julia,Stanley,3,0.09759999999999999,0.43363137406261154,7,0.0,1
Bob,Jim,3,0.11201111111111112,0.3191925783892311,18,0.0,1
Bob,Pam,3,0.19953125,0.3552841551468873,16,0.0,1
Ben Franklin,Michael,3,0.19437727272727273,0.2590993841117872,22,0.0,1
Jan,Woman,3,0.03143043478260871,0.321860784697201,23,0.0,1
David,Stanley,3,0.18177058823529413,0.3300197726067617,17,0.37775429808752803,3
Blood Drive Worker,Michael,3,0.15118666666666666,0.23990925330679141,30,0.0,1
Jim,Nick,3,0.08802499999999999,0.3567896983868789,20,0.0,1
Melissa,Ryan,3,0.066692,0.20472264734513376,25,-1.0,2
Jim,Kathy,3,0.21311904761904762,0.287480160175152,21,-0.9999999999999998,2
Michael,Sasha,3,0.12568484848484848,0.3699811814388895,33,0.0,1
Abby,Jim,3,0.22813809523809522,0.24800192487000788,21,0.0,1
Abby,Pam,3,0.08104285714285715,0.33111529220906405,7,0.0,1
Dwight,Kathy,3,0.15367692307692307,0.2780627520593872,13,0.0,1
Andy,Jo,3,0.17237931034482756,0.3914144486428943,29,0.0,1
Improv Teacher,Michael,3,0.10072258064516129,0.2842297204837022,31,0.0,1
Abby,Melissa,3,-0.05488,0.16904456098910725,10,0.0,1
Business Student #1,Michael,3,0.13285882352941172,0.4525818743723401,17,0.0,1
Mary-Beth,Michael,3,0.19284,0.3121239503786917,10,0.0,1
Abby,Dwight,3,0.2108857142857143,0.3074755015958713,7,0.0,1
Jake,Melissa,3,-0.002927272727272728,0.12854255107946366,11,0.0,1
Both,Michael,3,0.05542558139534884,0.22743025109477866,43,-0.3130473454124514,3
Abby,Jake,3,-0.0738,0.11704967199563487,7,0.0,1
Julie,Pam,3,0.22271176470588233,0.2296225032074138,17,0.0,1
Michael,Rachel,3,0.24953333333333333,0.3263424275205417,18,0.0,1
Group,Kelly,3,-0.12161,0.2712304756106879,10,-1.0,2
Margaret,Michael,3,0.09584736842105263,0.4060954779727508,19,0.0,1
Michael,Troy,3,0.13288333333333335,0.2691831310753992,12,0.0,1
Pam,Todd Packer,3,0.23253125,0.47111177776451046,16,0.9999999999999999,2
Luke,Michael,3,0.07630857142857143,0.34935762059727243,35,0.0,1
Gabe,Todd Packer,3,0.1843153846153846,0.3042228910776132,13,0.9999999999999999,2
Guy,Jim,3,0.1039764705882353,0.30449546413971573,17,0.8709263072097452,3
Jim,Pastor,3,0.17777272727272725,0.3822567844475731,11,0.0,1
Andy,Carla,3,0.16368125,0.39253684575264713,32,1.0,2
Jamie,Jim,3,0.02876190476190476,0.1563275300258752,21,0.0,1
Andy,Jamie,3,0.07363684210526315,0.2994543954568855,19,0.0,1
Daryl,Kelly,3,0.10809285714285713,0.21181963845378898,14,0.0,1
Daryl,Ryan,3,0.09876666666666667,0.2908815681109181,27,0.0,1
Jada,Michael,3,0.21523076923076928,0.2955890179198018,26,0.0,1
Dwight,Micheal,3,-0.01838333333333333,0.3039586087501608,18,0.9960253457099361,3
Jada,Pam,3,0.19756363636363636,0.2811969457765315,11,0.0,1
Kevin,Phil,3,0.3275222222222222,0.24137704382138456,9,0.0,1
Gabe,Holly,3,0.01986842105263158,0.2598501532819729,19,0.0,1
Kevin,Todd,3,0.10673999999999999,0.35383442935926973,20,0.0,1
Creed,Jan,3,0.15650666666666666,0.3578996758248819,15,0.9306748644622269,3
Deangelo,Stanley,3,0.07398947368421054,0.4538192857291578,19,0.0,1
DunMiff/sys,Dwight,3,0.05957499999999999,0.470262990472707,12,0.0,1
DeAngelo,Oscar,3,0.17711875,0.31129697480611257,16,0.0,1
DeAngelo,Stanley,3,0.10806666666666666,0.36311428259188905,6,0.0,1
Dwight,Jordan,3,0.16814666666666664,0.3525514825131533,15,0.0,1
Computron,Michael,3,0.23950833333333332,0.34079928833633966,24,0.0,1
Bob Vance,Dwight,3,0.21803333333333333,0.4529917144201794,9,-1.0,2
Dwight,Katy,3,0.20357199999999998,0.2899527927370247,25,0.9999999999999999,2
Barbara,Dwight,3,-0.08950625000000001,0.41698360499657233,16,0.0,1
Barbara,Michael,3,-0.008051724137931033,0.3929409516231982,29,0.0,1
Erin,Jo,3,0.07279,0.3563395668460071,20,-0.9999999999999999,2
Andy,Male Applicant 1,3,0.19814375,0.26333597116789326,16,0.0,1
David,Kelly,3,0.1288913043478261,0.34882949979092304,23,-0.9445699044000182,3
Walter,Walter Jr,3,0.2245,0.2687346384118596,17,0.0,1
Ellen,Walter,3,0.126675,0.2255779840210476,8,0.0,1
Hank,Pam,3,0.10777096774193547,0.3117353387333437,31,0.9638542533921479,3
Cathy,Pam,3,0.122836,0.250766613216353,25,0.0,1
David,Meredith,3,0.10247222222222223,0.44524230956681893,18,0.03286512884232051,3
Gabe,Val,3,0.09664444444444445,0.24163907479779798,18,0.0,1
Jim,Susan,3,0.2555142857142857,0.3867445893803377,21,0.0,1
Gabe,Receptionist,3,0.13934375,0.4227782781328028,16,0.0,1
Nate,Val,3,0.3104137931034482,0.27004273317529726,29,0.0,1
Cathy,Erin,3,0.29202727272727275,0.3072261976604951,11,0.0,1
Andy,Cathy,3,0.0505,0.24236878040351179,7,0.0,1
Host,Oscar's friend,3,0.152545,0.30120278796020467,20,0.0,1
Creed,Group,3,0.11753333333333334,0.23402529184304466,12,-0.0847025678143662,3
Host,Meredith,3,0.10846363636363637,0.31545297379749954,22,0.0,1
Meredith,Oscar's friend,3,0.0312625,0.2689789719360047,8,0.0,1
Brad,Michael,3,0.23424999999999999,0.3173439009970099,40,0.0,1
Cathy,Gabe,3,0.07511818181818182,0.28352820548542457,11,0.0,1
Cathy,Ryan,3,-0.028227272727272715,0.3861683313857951,11,0.0,1
Dwight,Jessica,3,0.21978260869565217,0.3078163549800346,23,0.0,1
Michael,Nurse,3,0.25482,0.3481050772396174,25,1.0,2
Cece,Pam,3,0.13742105263157897,0.23974256934634425,38,1.0,2
Dwight,Eric,3,0.3219538461538462,0.41086647019604916,13,0.0,1
Lonny,Roy,3,0.022730769230769228,0.20847374815222913,13,0.9999999999999999,2
Dwight,Lonny,3,0.10533076923076923,0.17821487628752408,13,0.6894399600810615,3
Cece,Jim,3,0.1444078947368421,0.2376643258458837,38,-1.0,2
Cathy,Packer,3,0.06644615384615385,0.3913769727422647,13,0.0,1
Packer,Ryan,3,0.10416666666666667,0.25009812851936514,12,0.0,1
Andy,Phil,3,0.10899166666666667,0.21111179683733663,12,0.0,1
Brandon,Darryl,3,0.2653433333333334,0.33143225922585684,30,0.0,1
Pam,Val,3,-0.011877777777777784,0.29163769295243247,9,-1.0,2
Andy,Lauren,3,0.1819,0.32050678619960604,30,0.0,1
Michael,Photographer,3,0.17844,0.3388627648473641,20,1.0,2
Jim,Photographer,3,0.23206800000000002,0.3330557955898681,25,1.0,2
Jessica,Lauren,3,0.03302352941176471,0.2375222974781693,17,0.0,1
Erin,Lauren,3,0.07835,0.284477080213269,18,0.0,1
Angela,Isabel,3,0.16221923076923075,0.2515731901749328,26,0.0,1
All,Nellie,3,0.029226666666666682,0.32564678506354433,15,0.0,1
Dwight,Mr. Schofield,3,0.13452272727272727,0.3165223529831922,22,0.0,1
Everybody,Meredith,3,0.41163333333333335,0.26674163321253186,12,-1.0,2
Michael and Dwight,Pam,3,0.15292499999999998,0.20560928207403475,8,-0.9999999999999999,2
Everybody,Phyllis,3,0.1448125,0.2880444776310596,8,-1.0,2
Everybody,Oscar,3,0.337475,0.2984438462676019,8,1.0,2
Clark,Toby,3,0.10293333333333331,0.331448790748871,15,0.0,1
Clark,Creed,3,0.0016874999999999946,0.2950585638373338,8,0.0,1
Michael,Mr. Schofield,3,0.15092173913043477,0.39888395823360184,23,0.0,1
Pam,Penny,3,0.15254399999999999,0.2805730864926285,25,0.0,1
Dwight,GPS,3,0.00019047619047619064,0.3899532522712384,21,0.0,1
GPS,Michael,3,0.10724444444444443,0.23165371000272084,18,0.0,1
Dealer,Michael,3,0.18691249999999998,0.41422943050168465,16,0.0,1
Nellie,Val,3,0.052875000000000005,0.37127120393992313,16,0.0,1
Pete,Toby,3,0.16441428571428568,0.2318294750677836,14,0.0,1
Michael,Robert Dunder,3,0.21900000000000003,0.3749628540742187,31,0.0,1
Carol,Pam,3,0.1897029411764706,0.30489814257271336,34,-1.0,2
Oscar,Trevor,3,-0.14189411764705884,0.3697791669609567,17,0.0,1
Creed,Holly,3,-0.021536363636363635,0.3722820906803366,11,-0.9999999999999998,2
Hide,Pam,3,0.12176923076923077,0.3343814251940333,13,0.0,1
Athlead Employee,Jim,3,0.22163043478260874,0.3837738797949314,23,0.0,1
Pam,Pam's Mom,3,0.13947741935483873,0.2826144720510524,31,0.0,1
Dwight,Suit Store Son,3,0.14048181818181818,0.29317668832721405,22,0.0,1
Co-worker,Jim,3,0.10442857142857143,0.26055117428591396,21,0.0,1
Brian,Jim,3,0.13432222222222223,0.31908742019765535,36,0.0,1
Bob,Dwight,3,0.07367499999999999,0.2072639618336965,20,-1.0,2
Frank,Pam,3,-0.03628333333333333,0.31815559304982977,18,0.0,1
Alice,Pete,3,0.10906285714285714,0.3334837653668696,35,0.0,1
Dwight,Shirley,3,0.11939117647058822,0.2880596939439576,34,0.0,1
Clark,David,3,0.22465263157894735,0.3033754151098516,19,0.0,1
Man,Pam,3,0.12524,0.2725700761272227,10,1.0,2
Evan,Michael,3,0.25407142857142856,0.3388613094480046,28,0.0,1
DunMiff/sys,Jim,3,-0.119075,0.36254670302596875,12,0.0,1
Dwight,Mr. Ruger,3,0.21127,0.2896181574073007,20,0.0,1
Pete,Phyllis,3,-0.07775714285714286,0.3403624406723047,7,0.0,1
Angela,Angela & Oscar,3,0.08686363636363635,0.2757804257432722,22,0.0,1
Angela & Oscar,Oscar,3,0.046294117647058826,0.17172394903239407,17,0.0,1
Michael,Waiter,3,0.22081,0.307165211083547,30,-0.9999999999999999,2
Dwight,Waiter,3,0.13404000000000002,0.3424906690699763,15,-0.48762948128587086,3
Esther,Nellie,3,0.11517142857142858,0.3747144730678688,14,0.0,1
Mema,Pam,3,0.14606363636363637,0.3585763245054918,11,0.0,1
Andy,Producer,3,0.11836315789473681,0.39676324136100466,19,0.0,1
Andy,Director,3,0.0688074074074074,0.3548535805777279,27,0.0,1
Andy,Carla Fern,3,0.13195454545454546,0.2178554122833698,11,0.0,1
Angela,Esther,3,0.18816923076923078,0.43064557689521005,13,0.0,1
Charles,Ryan,3,0.19925555555555555,0.26908672336508543,9,0.0,1
Ravi,Ryan,3,0.16574375,0.379863444162422,16,0.0,1
Kelly,Roy,3,0.0834090909090909,0.18880819249629774,11,0.0,1
Alan,Pam,3,0.47826666666666673,0.24177480063526519,15,0.0,1
Kevin,Todd Packer,3,0.29375555555555555,0.3413039688251552,18,1.0,2
Karen,Tony,3,0.00889230769230769,0.24848777237069733,26,0.0,1
Everyone,Pete,3,0.007607692307692311,0.2411207723608759,13,1.0,2
Bob,Stanley,3,0.055850000000000004,0.189928753454786,18,-0.9999999999999999,2
Jo,Oscar,3,0.3097961538461539,0.26986206374135946,26,1.0,2
Michael,Students,3,0.36712727272727275,0.3188567107392772,11,-1.0,2
Michael,Michael ,3,0.20709473684210528,0.4001502802877994,19,0.8830643614943112,3
Holly,Micheal,3,0.137240625,0.3169198970751274,32,0.0,1
Hannah,Kevin,3,-0.0778625,0.1962955229844787,8,0.0,1
Jan,Todd Packer,2,0.1167777777777778,0.16930174100159998,9,1.0,2
Bartender,Pam,2,0.11356666666666666,0.1931229803921728,6,1.0,2
David,Rachel,2,0.09968888888888888,0.1691422310394056,9,0.0,1
Jan,Rachel,2,0.12771,0.1472258839334986,10,0.0,1
Ryan,Waitress,2,0.11710909090909091,0.30110542537470597,11,-1.0,2
Captain Jack,Meredith,2,0.1981,0.2241277872107785,8,0.0,1
Katy,Roy,2,0.22602499999999998,0.31739953233267376,16,0.0,1
Marie,Michael,2,0.2163388888888889,0.22316689354952096,18,0.0,1
Billy Merchant,Michael,2,0.15804857142857143,0.3131135717015049,35,0.0,1
Billy Merchant,Jim,2,0.09425000000000001,0.28792218628848815,14,0.0,1
Craig,Josh,2,-0.06358666666666667,0.2818647402961609,15,0.0,1
Craig,Michael,2,0.008294117647058825,0.40923684566244867,17,0.0,1
Delivery man,Kevin,2,0.0,0.0,8,0.0,1
Daryl,Kevin,2,0.1614,0.2517390990688574,10,1.0,2
Guy,Kevin,2,-0.18710000000000002,0.31681651701662505,11,0.9999999999999999,2
Guy,Lonny,2,-0.033770000000000015,0.29443336444771334,10,1.0,2
Melissa,Stanley,2,-0.05943846153846154,0.1438297045304809,13,-1.0,2
Blonde,Dwight,2,0.19612142857142856,0.2816382156966919,14,0.0,1
Dwight,Police Officer 1,2,-0.037915,0.22839371330008187,20,0.0,1
Dwight,Speaker,2,0.4322692307692308,0.3653585770479259,13,1.0,2
Meredith,Waiter,2,0.0556375,0.12248636595045996,8,-1.0,2
Kevin,Waiter,2,0.0,0.0,6,,2
Girl in 2nd club,Michael,2,0.21956363636363632,0.2722801974995854,11,0.0,1
Isaac,Michael,2,0.04673333333333333,0.15987137711992794,12,0.0,1
Isaac,Pam,2,0.17003,0.27523125930751396,20,0.9999999999999998,2
David,Josh,2,0.3329125,0.20751779705304796,8,0.0,1
Jake,Sasha,2,0.0,0.0,6,0.0,1
Karen,Oscar,2,0.2590571428571429,0.3196593627023387,7,0.0,1
Michael,Teacher,2,0.5909714285714286,0.3349681849041177,7,0.0,1
Jake,Jim,2,0.18066,0.32938698274218425,10,0.0,1
Laurie,Michael,2,0.25583529411764705,0.26720850184866424,17,0.0,1
Sasha,Toby,2,0.1994,0.151615951227655,6,-1.0,2
Kids,Melissa,2,-0.09234285714285714,0.12451256800755792,7,0.0,1
Abby,Kids,2,-0.20315,0.11891779723826035,4,0.0,1
Dwight,Melissa,2,0.14974285714285715,0.2731551461670657,7,0.0,1
Jake,Kids,2,-0.074,0.1281717597600969,4,0.0,1
Michael,Tall Girl #1,2,0.11186363636363637,0.2591281791375467,11,0.0,1
Creed,Kids,2,0.07294285714285713,0.12807745265092924,7,1.0,2
Dwight,Tall Girl #1,2,0.15953076923076923,0.23182713183157494,13,0.0,1
Dwight,Stephanie,2,0.15633571428571427,0.29655523361025454,14,-1.0,2
Dwight,Sasha,2,0.09465833333333333,0.34518079431493415,12,0.0,1
Daryl,Gabe,2,0.10520000000000002,0.1720511358094835,9,-1.0,2
Michael,Stephanie,2,0.03733043478260871,0.34252171043191154,23,-1.0,2
Ryan,Tall Girl #1,2,0.0509,0.24860295251665857,10,0.0,1
Devon,Michael,2,-0.017418750000000018,0.44173825708606845,16,0.0,1
Computron,Eric,2,0.1987454545454545,0.3041144532263421,11,0.0,1
Chad Lite,Dwight,2,0.13344615384615385,0.3021831783114968,13,0.0,1
Kids,Ryan,2,0.0483,0.20577925065467606,6,0.9999999999999998,2
Justin,Pam,2,0.12908666666666666,0.3195921690043248,15,0.0,1
Hunter,Jan,2,0.09930909090909092,0.23409908723578593,11,0.0,1
Jim,Phil Maguire,2,0.12384285714285714,0.28007567271896283,7,0.0,1
Andy,Phil Maguire,2,0.09799999999999999,0.25045932304468127,8,0.0,1
Jan,Michael and Christian,2,-0.07444285714285714,0.26107338791525847,7,0.0,1
Michael,Michael and Christian,2,0.079525,0.2868877745884849,12,0.0,1
Jake,Pam,2,0.2860823529411765,0.25446125611780646,17,0.0,1
Charles,Oscar,2,0.139,0.3500340983390047,24,0.0,1
Jim,School Official,2,0.062033333333333336,0.23375928739719506,9,0.0,1
Bob Vance,Oscar,2,-0.060660000000000026,0.44718839698722057,5,0.0,1
Jim,Receptionist,2,0.15794999999999998,0.24955152674347633,10,-0.9999999999999998,2
Jerry,Jim,2,0.1261357142857143,0.2904070680149869,28,0.0,1
Grotti,Waitress,2,0.13197857142857142,0.22701728435949362,14,0.0,1
Andy and Dwight,Dwight,2,-0.008730769230769235,0.3785858573176588,13,0.0,1
Captain Jack,Roy,2,0.13621666666666668,0.3951876660384138,6,0.0,1
Andy,Andy and Dwight,2,0.15286249999999998,0.38508654201847925,8,0.0,1
Brenda,Michael,2,0.37006000000000006,0.3632665115311347,10,0.0,1
Brenda,Dwight,2,0.1470857142857143,0.24318618046128146,7,0.0,1
Brenda,Captain Jack,2,0.09720000000000001,0.3651160059183626,9,0.0,1
Micheal,Pam,2,0.15916000000000002,0.2339315784583176,20,-1.0,2
Jerry,Pam,2,0.09384999999999999,0.357808962169886,22,0.0,1
Melissa,Pam,2,0.045457142857142856,0.11134680516480103,7,0.0,1
Kevin,Nurse,2,0.16541999999999998,0.33083999999999997,5,0.0,1
Carol,Kevin,2,0.07862,0.26106748859250933,10,1.0,2
Dwight,Dwight and Erin,2,0.02484615384615385,0.3979667044739076,13,1.0,2
Angela,Nurse,2,0.0,0.0,6,0.0,1
Meredith,Nurse,2,0.06376666666666665,0.2951020350846654,18,0.0,1
Jim,Jim ,2,0.2742625,0.288748900160243,8,0.0,1
Charles,Erin,2,0.18224545454545457,0.22298534140014414,11,0.0,1
Jan,Ryan,2,0.18635000000000002,0.2609319748516843,20,0.0,1
Nick,Phyllis,2,0.17149,0.4948582937569097,10,0.0,1
Michael,Old Woman,2,0.1372076923076923,0.15957247430623184,13,-1.0,2
Kathy,Pam,2,-0.05190999999999999,0.23933459612015978,10,0.0,1
Eric,Maurie,2,0.04146999999999999,0.2636994503217631,10,0.0,1
Michael,Someone,2,-0.031628571428571416,0.26126505815406104,7,0.0,1
Maurie,Michael,2,0.054384999999999996,0.2565368380467024,20,0.0,1
Michael,Nana,2,0.17712105263157896,0.29840369085298096,19,0.0,1
Dwight,Hank,2,0.26074375,0.2899102813129219,16,1.0,2
Holy,Michael,2,0.17151176470588234,0.311210342869016,17,-1.0,2
Mr. Schofield,Secretary,2,0.20376666666666668,0.226956334517849,9,0.0,1
Dwight,Linda,2,0.010111111111111107,0.3160048257171767,9,-1.0,2
Dwight,Ex-client,2,0.08132307692307691,0.3471331326381104,26,0.0,1
Ex-client,Michael,2,0.14999714285714286,0.3508810832223152,35,0.0,1
Kathy,Nurse,2,0.15339,0.19658163927488242,10,0.0,1
Michael,Prince Granddaughter,2,0.1649857142857143,0.2896707955523276,14,0.0,1
Pam,Robert Dunder,2,0.06905384615384615,0.20547414816012788,13,0.0,1
Pam,Photographer,2,0.2347176470588235,0.23838403824203774,17,-1.0,2
Dwight,Prince Granddaughter,2,-0.10395999999999998,0.36612029225378917,10,0.0,1
Friend,Pam,2,0.15911818181818183,0.34117325595437925,11,0.0,1
Dwight,Little Girl,2,0.16434444444444446,0.37210465705560464,9,-1.0,2
Bob,Bob Vance,2,0.17112500000000003,0.5360086257468251,4,-1.0,2
Bob,Oscar,2,0.11435,0.19806000984550112,4,-1.0,2
Michael,Prince Grandmother,2,0.08563076923076923,0.34004605883641337,13,0.0,1
Pam,Professor,2,-0.047144444444444454,0.3757775704710644,9,0.0,1
Dwight,Prince Grandmother,2,-0.07151,0.34957536655204985,10,0.0,1
Andy,Dwight and Andy,2,0.1918875,0.28711507465430997,8,-1.0,2
Christian,Michael and Christian,2,0.16661111111111113,0.31889673509511035,9,0.0,1
DwightKSchrute,Jim,2,-0.0680375,0.3273050638834511,8,0.0,1
Dwight,DwightKSchrute,2,0.12638749999999999,0.41527239685988043,8,0.0,1
DunMiff/sys,DwightKSchrute,2,-0.1620857142857143,0.29446404305629786,7,0.0,1
Dwight,Dwight and Andy,2,0.10163636363636365,0.4298761180380972,11,1.0,2
Dwight and Erin,Erin,2,0.1802,0.3030847777437857,8,-0.9999999999999998,2
Albiny,Michael,2,0.17681818181818185,0.2163248223397643,11,0.0,1
Andy,Various,2,0.06606666666666666,0.353008089299822,9,1.0,2
Manager,Michael,2,0.199,0.40603254012007906,11,1.0,2
Josh,Karen,2,0.1117,0.28063840168444515,8,0.0,1
Elizabeth,Pam,2,0.15131250000000002,0.28886472369216354,8,0.9999999999999999,2
Pam,Pastor,2,0.1756111111111111,0.2741449675078435,9,0.0,1
Customer,Dwight,2,0.20036111111111113,0.26331007099549825,18,0.9999999999999998,2
Carla,Michael,2,0.17297142857142855,0.34228132976760944,21,0.0,1
Erin,Guy,2,0.164425,0.2144523359047413,8,0.0,1
Guy,Phyllis,2,0.16241666666666665,0.2132913376633524,6,0.0,1
Diane Kelly,Lester,2,0.10693333333333334,0.4081548573220164,15,0.0,1
Doug,Pam,2,0.06061666666666667,0.25099691509835115,12,0.0,1
Angela,Helene,2,0.08015,0.14083237376398935,8,0.9999999999999998,2
Jim,Meridith,2,0.01801818181818182,0.04937444716711116,11,0.0,1
Charles,Rolph,2,-0.05667142857142858,0.4169917529649913,7,0.0,1
Erin,Man,2,0.0037800000000000056,0.2725960263833646,5,-1.0,2
Michael,Robotic Voice,2,0.0997875,0.31736214502323684,8,0.0,1
Michael,Pam's mom,2,0.09773529411764706,0.3570767522390941,17,0.0,1
Angela,Rolph,2,0.07225000000000001,0.3317690122660644,8,0.0,1
Andy,Hank,2,0.19808888888888887,0.3634072079161778,9,0.0,1
Kevin,Man,2,0.12849999999999998,0.29475972135509515,12,0.0,1
Angela,Man,2,0.07136315789473682,0.30063536439825206,19,0.0,1
Daryl,Pam,2,0.10924999999999999,0.3133461484524742,16,0.0,1
Daryl,Stanley,2,-0.08589999999999999,0.256570997321729,12,0.0,1
Daryl,Oscar,2,0.06682857142857143,0.16716792424971721,14,0.0,1
Justine,Kevin,2,0.017709999999999997,0.20031502914159985,10,-0.9999999999999998,2
Darryl,Justine,2,0.07564444444444444,0.1444568686964391,9,-1.0,2
Kevin,Nate,2,0.17004444444444444,0.30590225058600046,9,0.9999999999999999,2
Nate,Phyllis,2,0.12558333333333335,0.21984472487543466,12,0.9999999999999999,2
Darryl,Karen,2,0.08978888888888889,0.3001524147808333,9,0.0,1
Nate,Oscar,2,0.15106363636363634,0.22625793516060488,11,1.0,2
Darrly,Pam,2,0.44032499999999997,0.28971555770272334,8,0.0,1
Isabel,Pam,2,0.22446153846153846,0.2861148761719039,13,0.0,1
Kenny,Kevin,2,0.2708888888888889,0.1964561553824525,9,0.0,1
Actor,Michael,2,0.05490769230769231,0.276087097354157,13,0.0,1
Roy,Warehouse guy,2,0.115375,0.21879699923673537,12,0.0,1
Michael,Warehouse guy,2,0.2887692307692308,0.3581374583218773,13,0.0,1
Darryl,Warehouse guy,2,0.11,0.45850323286259886,11,0.0,1
Andy,Rolph,2,0.033999999999999996,0.3377729414858449,7,0.0,1
Andy,Jada,2,0.1703777777777778,0.309802441629349,9,0.0,1
Jada,Oscar,2,0.383525,0.39809392343390526,4,0.0,1
Andy,DJ,2,0.08565555555555555,0.33040585181497656,9,0.0,1
Andy,Older Woman,2,0.4171125,0.5543265811719207,8,0.0,1
Michael,Sadiq (IT guy),2,0.12017,0.2141905275683311,10,0.0,1
Deangelo/Michael,Michael,2,0.138708,0.2253945587985655,25,0.0,1
Kevin,Lady,2,0.033575,0.4026093829114435,12,-0.9999999999999998,2
Alex,Jim,2,0.14349333333333333,0.2498018320366944,15,0.0,1
Angela,Nick,2,0.11037,0.4206986903949191,10,0.0,1
Holly,Todd,2,0.1786777777777778,0.2906677820230044,18,0.0,1
Kevin,Rolph,2,0.07468749999999999,0.3337926730678042,8,0.0,1
Kevin,Office,2,0.0193,0.03342858058607934,4,-0.9999999999999999,2
Business Student #1,Business Student #2,2,-0.05793333333333333,0.10812102272710684,6,0.0,1
Michael [on phone],Pam,2,-0.074,0.12817175976009693,4,0.0,1
Diane Kelly,Jan,2,0.21246666666666666,0.20206254807196047,9,0.0,1
Deangelo,Deangelo/Michael,2,0.041896,0.14507308359582077,25,0.0,1
Diane,Jan,2,0.21852857142857143,0.2966102768390378,7,0.0,1
Karen,Roy,2,0.17754285714285714,0.2908773273939321,14,0.0,1
Pam,Phone Salesman,2,0.20096666666666665,0.3214267872401981,15,0.0,1
Cindy,Michael,2,0.17951111111111112,0.37860163010873016,9,0.0,1
DeAngelo,Erin,2,0.2503388888888889,0.3903051415080953,18,0.0,1
Andy,Cindy,2,0.287325,0.30631840766594487,8,0.0,1
Andy,Andy & Erin,2,0.19156666666666666,0.4012116634507139,12,-0.9999999999999999,2
Darryl,DeAngelo,2,0.2862923076923077,0.3971989706035512,13,0.0,1
Deposition Reporter,Michael,2,-0.04459090909090909,0.0832276882964651,11,0.0,1
DeAngelo,Ryan,2,0.2816666666666667,0.24227948966247867,9,0.0,1
Deposition Reporter,Lester,2,0.187775,0.27869849636300514,12,0.0,1
Both,David,2,0.09720909090909093,0.49943997993124156,11,-0.9999999999999998,2
Kelly and Erin,Oscar,2,0.15876666666666664,0.26692141581788115,6,0.9999999999999999,2
Audience,Gabe,2,-0.010199999999999987,0.49100768222096075,5,0.9999999999999999,2
DeAngelo,Toby,2,0.04732499999999998,0.5947747530578278,4,0.0,1
Jordan,Pam,2,0.21120666666666665,0.21107238084494986,15,0.0,1
Alex,Pam,2,0.14584545454545456,0.26064153497105197,22,0.0,1
Deangelo,Jordan,2,0.21396086956521743,0.35884382304614676,23,0.0,1
Jim,Jordan,2,0.1402846153846154,0.1882378480954914,13,0.0,1
Hannah,Phyllis,2,-0.07626666666666666,0.17053745108398397,6,0.0,1
Andy,Client,2,0.11748,0.30958934187080794,20,0.9999999999999998,2
Kid,Michael,2,0.2760416666666667,0.3387225203081261,12,-0.9999999999999998,2
Ryan,Todd Packer,2,-0.025175000000000003,0.41755662116053194,4,1.0,2
Gil,Oscar,2,0.11325454545454545,0.2539912681521171,11,0.9999999999999999,2
Michael,O'Keefe,2,0.14134615384615384,0.39548126011303203,26,0.0,1
Michael,Pam and Jim,2,0.42891428571428575,0.38793267983199436,7,0.9999999999999998,2
Pam,Pam and Jim,2,0.18141111111111108,0.25746656501139215,9,-0.9999999999999999,2
Jim,Pam and Jim,2,0.1923375,0.2174413135624185,8,-0.9999999999999999,2
Darryl,Madge,2,-0.08038000000000001,0.352199369107896,10,0.9999999999999998,2
Bob,David,2,0.09674285714285714,0.24879303709332878,14,0.0,1
Dwight,Elizabeth,2,0.2498363636363636,0.28031040999294554,11,0.0,1
"Andy, Creed, Kevin, Kelly",Michael,2,-0.11065454545454546,0.46437748039447463,11,0.0,1
Everyone,Robert,2,0.06651111111111112,0.3136743160400766,9,0.0,1
Pam,Tattoo Artist,2,0.18248461538461538,0.23457592455044962,13,0.0,1
Andy,Tattoo Artist,2,0.19142,0.3423147366581424,15,0.0,1
"Andy, Creed, Kevin, Kelly",Darryl,2,-0.05128666666666666,0.35492184278921024,15,0.0,1
Group,Ryan,2,-0.22154999999999997,0.2293008558640809,4,0.0,1
Jim,Waiter,2,0.16688333333333336,0.24279747676247013,6,0.9999999999999999,2
Robert,Waiter,2,0.12265833333333333,0.31434741783132597,12,0.0,1
Bartender,Jim,2,0.028927272727272725,0.09147606831505257,11,-1.0,2
Andy,Female Applicant,2,0.2506,0.24793265214569862,14,0.0,1
Darryl,Male Applicant 1,2,0.0972857142857143,0.290968039131308,14,0.0,1
Eric,Pam,2,0.1815,0.2636224004139254,6,0.0,1
Meredith,Walter Jr,2,0.20166,0.47564405010469757,5,0.0,1
Andy,Walter Jr,2,0.2497526315789474,0.35140471998810274,19,0.0,1
David,Toby,2,0.17539999999999997,0.35074156796707173,8,-0.9999999999999998,2
Andy,Ellen,2,0.24274285714285715,0.324668920845937,7,0.0,1
Helene,Kevin,2,-0.012728571428571438,0.24992584451213132,7,-1.0,2
Jim and Pam,Phyllis,2,0.379,0.26951050999914644,4,1.0,2
Robert,Walter,2,0.27291111111111116,0.2819036121499862,18,0.0,1
Jim and Pam,Kevin,2,0.2630625,0.23072654234775417,8,1.0,2
Martin,Meredith,2,0.25973333333333337,0.2551235299919542,9,0.0,1
Student 1,Student 2,2,0.0,0.0,8,0.0,1
Concierge Marie,Michael,2,0.02352857142857143,0.28776649122055153,7,0.0,1
Ira,Michael,2,0.0804125,0.33190666272374925,24,0.0,1
Bert,Jim,2,0.22258461538461535,0.34458388918576927,13,0.0,1
Dwight,Old Man,2,0.174875,0.3356104515779169,12,0.0,1
Cathy,Creed,2,0.04526,0.09052,5,0.0,1
Archivist,Oscar,2,0.14037142857142856,0.28864927167899856,7,0.0,1
Kelly and Erin,Pam,2,0.2326777777777778,0.2886403559132514,9,-0.9999999999999999,2
Ryan,Susan,2,0.3246166666666666,0.2511143259995777,6,0.0,1
Archivist,Dwight,2,0.12041428571428571,0.24455389373055483,7,0.0,1
Kevin,Susan,2,0.29562,0.37717691551843413,5,0.0,1
Oscar,Susan,2,0.06413076923076923,0.17612227127160787,13,0.0,1
Karen,Rolando,2,0.11383000000000001,0.17706470032166205,10,-0.9999999999999999,2
Business Student #2,Michael,2,0.019133333333333325,0.39815559632998865,12,0.0,1
Cathy,Stanley,2,-0.010159999999999999,0.06607225136167225,5,0.0,1
Jim,Julie,2,0.1718375,0.17576073180249904,8,0.0,1
Jessica,Kelly,2,0.04080000000000001,0.4243795313945604,6,0.0,1
Carol,Jim,2,0.07952000000000001,0.19890135645590756,20,1.0,2
Andy & Erin,Dwight,2,0.31542857142857145,0.3147317348122988,7,-1.0,2
Pam,Secretary,2,0.3316875,0.2591316867805827,8,-1.0,2
Oscar,Oscar's friend,2,0.09147999999999999,0.18295999999999996,5,0.0,1
Darryl,Host,2,0.21866666666666665,0.29726739459430945,12,0.0,1
Host,Kelly,2,0.22298181818181817,0.3184536010678131,11,0.0,1
Host,Jim,2,0.1588384615384615,0.3585762520311545,13,0.0,1
Host,Ryan,2,0.17034666666666667,0.275497324528247,15,0.0,1
Andy & Michael,Dwight,2,0.20905000000000004,0.2686237501909812,12,-1.0,2
Erin,Host,2,0.06616923076923076,0.181905014878287,13,0.0,1
Host,Phyllis,2,0.3486833333333334,0.3242591885959269,6,0.0,1
Cathy,Kevin,2,0.016649999999999998,0.3559935778915119,4,0.0,1
Blood Girl,Michael,2,0.06777894736842105,0.3009673685388629,38,0.0,1
Andy,Walt Jr.,2,0.05795454545454545,0.29552911366698437,11,0.0,1
Andy,Andy & Michael,2,0.14009999999999997,0.2662052240909884,15,-1.0,2
Jan,Man,2,0.21997999999999998,0.16613892259190802,5,0.9999999999999998,2
Host,Stanley,2,0.22427142857142854,0.30588053090001244,7,0.0,1
Kevin,Oscar's friend,2,0.12755,0.20145452547245826,6,0.0,1
David,Karen,2,0.024790909090909096,0.4210225656974294,11,0.0,1
Ben Franklin,Karen,2,0.27226666666666666,0.22812505342465128,9,0.0,1
Darryl,Hide,2,0.0031600000000000183,0.47065900862514043,10,0.9999999999999999,2
Host,Oscar,2,0.1842,0.31968446109666737,15,0.0,1
Angela,Cathy,2,0.1842,0.1970767261753655,5,0.0,1
Blood Drive Worker,Blood Girl,2,-0.014571428571428569,0.2927090756932509,21,0.0,1
Angela,Woman,2,0.07998000000000001,0.37558550238261323,5,0.0,1
Kevin,Stonewall Host,2,0.12362,0.5166376153552895,5,0.0,1
Andy,Oscar's friend,2,0.17515999999999998,0.21488052122051451,5,0.0,1
Dwight,Tony,2,0.019766666666666672,0.28098363485362554,24,0.0,1
Meredith,Val,2,0.1348,0.3899597457858097,6,1.0,2
Jim,Woman,2,0.010592857142857142,0.13382546450126595,14,-1.0,2
Darryl,Jessica,2,0.07295555555555557,0.23434750128393664,9,0.0,1
Erin,Val,2,0.00848888888888888,0.21918049611346171,9,0.0,1
Jessica,Val,2,0.034644444444444436,0.330546430126141,9,0.0,1
Martin,Stanley,2,0.08256,0.14074603511289402,5,0.0,1
Erin,Nick,2,0.19112,0.2848652972897892,5,0.0,1
Dwight,Martin,2,-0.21134000000000003,0.44423889789166365,5,0.0,1
Kevin,Senator Lipton,2,0.19338,0.3346547199726907,10,0.0,1
Hannah,Martin,2,-0.0231,0.2664733682753307,5,0.0,1
Hostess,Michael,2,0.06266666666666666,0.32708121655365996,12,0.9999999999999998,2
Cece,Phyllis,2,0.04019,0.12057,10,0.0,1
Jan,Lester,2,0.1885294117647059,0.3364620418495024,17,0.0,1
Dwight,Hide,2,0.19507777777777777,0.2652746491962111,9,-1.0,2
Dwight,Realtor,2,0.19020000000000004,0.2638536210350984,9,0.0,1
Kelly,Micheal,2,0.013120000000000001,0.12167517248806348,10,0.9999999999999998,2
Jo,Toby,2,0.1183357142857143,0.3190349255559488,14,-1.0,2
Andy,Micheal,2,-0.08915000000000001,0.33948017615171583,8,1.0,2
Jo,Phyllis,2,0.31445833333333334,0.34321593897120933,12,-0.9999999999999998,2
Andy,Customer,2,0.23606,0.31593297559239786,15,-1.0,2
Michael,Reporter,2,-0.018088888888888894,0.2698085553558483,9,0.9999999999999998,2
Michael,Michael & Dwight,2,0.04328,0.29787091768079677,10,1.0,2
Gabe,Packer,2,-0.05375714285714286,0.3007609057856084,7,0.0,1
Dwight,Michael & Dwight,2,0.21845,0.2841313179382613,12,-1.0,2
Packer,Stanley,2,0.20155,0.3178061870071129,6,0.0,1
Cathy,Todd Packer,2,-0.13805,0.43464356949114064,6,0.0,1
Creed,Hannah,2,0.0,0.0,5,0.0,1
Brandon,Kelly,2,-0.019172727272727272,0.3014564617769993,11,0.0,1
Everyone,Val,2,-0.18561666666666665,0.2720814119380856,6,0.0,1
Brandon,Kevin,2,0.16266666666666665,0.2487096276562065,12,0.0,1
Brandon,Phyllis,2,0.2017181818181818,0.27407228581387005,11,0.0,1
Brandon,Everyone,2,0.21335454545454544,0.26229034697392595,11,0.0,1
Andy,Shane,2,0.23118461538461538,0.36808774736917504,26,0.0,1
Andy,Brandon,2,0.14727222222222222,0.26644410880573804,18,0.0,1
Andy & Michael,Michael,2,0.13315789473684211,0.4128335707939887,19,-1.0,2
Michael,Shane,2,0.1586888888888889,0.2165511150562351,18,0.0,1
Oscar,Val,2,-0.0667,0.3340549869193907,7,0.0,1
Blogger,Dwight,2,0.26984285714285716,0.36339380392997056,7,0.0,1
Others,Pam,2,0.110525,0.12257457678898998,4,0.0,1
Andy,Others,2,0.1995416666666667,0.3033491400414527,12,0.0,1
Keena Gifford,Pam,2,0.41866875000000003,0.20368333792541182,16,0.0,1
CPR Trainer,Stanley,2,0.04134444444444444,0.30547403276114654,9,0.0,1
Crowd,Michael,2,0.3907857142857143,0.40399307076296465,7,0.0,1
CPR Trainer,Dwight,2,0.018181818181818167,0.3773348086928102,11,0.0,1
Everybody,Ryan,2,0.10953333333333333,0.15604280039641547,6,1.0,2
Jim,Lonny,2,0.008289999999999997,0.2387265525659012,10,1.0,2
Michael,Warehouse worker,2,0.21783333333333332,0.27865835214868806,12,0.0,1
Dwight,Warehouse worker,2,0.14425714285714283,0.17124634600600436,7,0.0,1
Diane,Lester,2,0.14990869565217393,0.3133694484609715,23,0.0,1
Michael,Warehouse Guy,2,0.3319642857142857,0.3002579881348297,14,-1.0,2
Ben Franklin,Dwight,2,0.10429090909090909,0.2238293930431896,11,0.0,1
Kelly,Luke,2,-0.056633333333333334,0.3317719079260462,12,0.0,1
Magician,Robert,2,0.14042352941176472,0.3771434046641422,17,0.0,1
Magician,Nellie,2,0.10335833333333333,0.35249849989830534,12,0.0,1
Andy,Kenny,2,0.09329,0.3822267859530517,20,0.0,1
Erin,Kenny,2,-0.0818625,0.25106144137192793,8,0.0,1
Jessica,Kenny,2,0.03604000000000001,0.3114972676177647,15,0.0,1
Erin,Megan,2,-0.0689,0.2805261782199064,12,0.0,1
Jessica,Megan,2,-0.07533333333333332,0.279756481406399,12,0.0,1
Andy,Megan,2,0.1297,0.3799324597872627,20,0.0,1
Lauren,Megan,2,-0.06558333333333333,0.35068934456137796,12,0.0,1
Magician,Pam,2,-0.02664166666666667,0.267447413704493,12,0.0,1
Jim,Magician,2,-0.011512500000000009,0.3116738657535309,16,0.0,1
CPR Trainer,Michael,2,0.08215416666666667,0.3363781403658273,24,0.0,1
Andy,Mr. Ramish,2,0.15987142857142858,0.2647470043768779,14,0.0,1
CPR Trainer,Phyllis,2,0.003333333333333336,0.2028202049983077,6,0.0,1
Harry,Toby,2,0.15219,0.2911508833920996,10,0.0,1
Andy,Harry,2,0.018200000000000004,0.2516267738801523,15,0.0,1
Andy,Vet,2,0.22966875,0.4764334498630816,16,0.0,1
CPR Trainer,Kevin,2,0.022483333333333338,0.1725515035833907,6,0.0,1
Andy,Keena Gifford,2,0.39615263157894737,0.331637721440955,19,0.0,1
Jim,Luke,2,-0.05371666666666666,0.2692544330595547,12,0.0,1
Lester,Man,2,0.1827692307692308,0.33338865373295146,13,0.0,1
Nick,Oscar,2,0.04605714285714286,0.4055916801666526,7,0.0,1
Co-Worker 3,Michael,2,0.1792,0.374928614872218,16,0.0,1
Everybody,Kevin,2,0.117975,0.12538381823425224,4,-1.0,2
David,Holly,2,0.10241250000000002,0.4000641540350122,16,0.0,1
Everybody,Jim,2,0.20928571428571427,0.19313632808068448,7,0.9999999999999999,2
Everybody,Stanley,2,0.13178333333333334,0.2296534956310388,6,1.0,2
Lonny,Ryan,2,0.0949153846153846,0.2749566283173062,13,-0.9999999999999998,2
Luke,Meredith,2,-0.022739999999999996,0.25998828383858635,15,0.0,1
Dana,Michael,2,0.2700739130434783,0.3222728633470486,23,0.0,1
Kenny,Woman,2,-0.07276666666666667,0.23809700170775402,9,-1.0,2
Dana,Jim,2,0.29308235294117646,0.29721152545796725,17,0.0,1
Co-Worker 2,Michael,2,0.15789375000000003,0.3575990343050964,16,0.0,1
Michael,Michael & Holly,2,0.33116923076923077,0.3524519200917075,13,0.0,1
Dwight,Mr. Brown,2,0.23930322580645164,0.42377552372184407,31,0.0,1
Kevin,Mr. Brown,2,0.11747500000000002,0.48841663503099486,8,0.0,1
Luke,Oscar,2,0.09117499999999999,0.33310693759662224,8,0.0,1
Darryl,Group,2,-0.22075999999999998,0.4909253531851863,5,0.0,1
Andy,Broccoli Rob,2,0.1806333333333334,0.38372455067880507,21,0.0,1
Co-Worker 2,Co-Worker 3,2,0.15548333333333333,0.24090357972064722,6,0.0,1
Both,Kevin,2,0.22324000000000002,0.28073179798519443,5,0.9999999999999999,2
Andy,HCT,2,0.022958333333333334,0.3933866576671806,12,0.0,1
Andy,HCT Member #3,2,0.0463388888888889,0.3335846621488879,18,0.0,1
HCT,HCT Member #3,2,0.12810000000000002,0.16587385568557814,10,0.0,1
Molly,Pam,2,0.18891875,0.26065223051690445,16,0.0,1
Business partner,Jim,2,0.1232,0.23892154433584697,23,0.0,1
Erin,Walt Jr.,2,0.121,0.22252287843853594,7,0.0,1
Andy,Boat Guy,2,0.08876666666666666,0.26692951931704423,33,0.0,1
Boat Guy,Erin,2,0.07633636363636363,0.24190738187363917,22,0.0,1
Angela,Both,2,0.09147999999999999,0.18295999999999996,5,1.0,2
Both,Meredith,2,0.16246,0.32492,5,1.0,2
Kevin,Luke,2,-0.031474999999999996,0.31266927182194715,12,0.0,1
Andy,Luke,2,-0.06360833333333332,0.2544768406565822,12,0.0,1
Erin,Helene,2,0.2814625,0.25545335160015026,8,0.0,1
Dwight,Molly,2,0.27396666666666664,0.3197126035815431,12,0.0,1
Dwight,Salesman,2,0.0735,0.34389082337276755,25,1.0,2
Michael,Tom,2,0.24995238095238093,0.46764847463416837,21,0.0,1
Micheal,Ryan,2,0.2252833333333333,0.2948936583282561,12,1.0,2
Jim,Julius,2,0.2546736842105264,0.2202503834565161,19,0.0,1
Athlead Employee,Female Athlead Employee,2,0.4219428571428572,0.37118265760420766,7,0.0,1
Darryl,Female Athlead Employee,2,0.4543142857142857,0.40476886324550854,7,0.0,1
Michael,Sweeney Todd,2,0.2549136363636364,0.3241124346096506,22,0.0,1
Dwight,Michael ,2,0.07972142857142857,0.39035998254097176,14,1.0,2
Suit Store Father,Suit Store Son,2,0.10199230769230769,0.22299167787692634,13,0.0,1
Athlead Employee,Pam,2,0.1701875,0.35464153887235206,8,0.0,1
Micheal,Stanley,2,-0.03558,0.07116,5,0.9999999999999999,2
Michael,Shelby,2,0.2609470588235294,0.1887928560389653,17,0.0,1
Jim,Rolf,2,0.14225384615384615,0.37786175252818144,13,0.0,1
Bob,Kelly,2,0.19555,0.25588678323300196,6,0.0,1
Carroll,Dwight,2,0.11216875,0.3055164965242262,16,0.0,1
Brian,Meredith,2,0.14298125,0.22257536425543034,16,0.0,1
Bartender,Michael,2,-0.03514375,0.36691696262361256,16,0.0,1
Dwight,Melvina,2,0.1313125,0.23565382151314668,8,0.0,1
Michael,Secretary,2,0.0917,0.40748885513449756,17,0.0,1
Melvina,Zeke,2,0.38156666666666667,0.3005907442945567,6,0.0,1
Frank,Nellie,2,0.197175,0.18025594130291517,8,0.0,1
Trevor,Wolf,2,0.0442875,0.2977460303576691,8,0.0,1
Kevin,Senator,2,0.6575857142857142,0.26101195609490724,7,0.0,1
Bartender,Dwight,2,0.004224999999999993,0.22192312999099487,16,0.0,1
Carroll,Michael,2,0.17882758620689654,0.3250626994125072,29,0.0,1
Alice,Erin,2,0.037562500000000006,0.29184002119097713,32,0.0,1
Erin,Jim and Pam,2,0.06854,0.17820616824341406,5,0.0,1
Gabe,Pete,2,0.15078214285714284,0.25858072247997393,28,0.0,1
Alice,Gabe,2,0.10814193548387095,0.3456881876491079,31,0.0,1
Andy,Jim and Pam,2,0.23693846153846154,0.2813056086248317,13,0.0,1
Michae,Michael,2,0.19471,0.24103380447563783,10,0.0,1
Michael,Voice on CD player,2,-0.19720000000000001,0.2972974324364967,6,0.0,1
Jeb,Zeke,2,0.22863846153846154,0.3342009334297638,13,0.0,1
Clark,Todd Packer,2,0.2569181818181818,0.32736538057145603,11,0.0,1
Jan,Michae,2,0.05962857142857144,0.2058899686329411,14,0.0,1
Jeb,Oscar,2,0.14650769230769234,0.3437607519136136,13,0.0,1
Danny,Oscar,2,0.2027,0.2990088920082478,8,0.0,1
Alice,Andy,2,0.07488181818181817,0.40379338397520675,22,0.0,1
Meredith,Micheal,2,0.15818333333333334,0.36906921851538305,12,0.0,1
Creed,Nick,2,0.20757000000000003,0.46698690356368666,10,0.0,1
Fannie,Zeke,2,-0.022825,0.27326195040961454,12,0.0,1
Kelly's Father,Kelly's Mom,2,0.1681,0.17696223702624617,6,0.0,1
Phyllis,Todd Packer,2,0.22148666666666667,0.3041783092566303,15,1.0,2
AJ,Kevin,2,0.23722142857142856,0.30410373037259936,14,0.9999999999999999,2
Cameron,Dwight,2,0.007411764705882353,0.2631060955368585,17,0.0,1
Clark,Ruger Sister 1,2,0.23032,0.28378738097385514,5,0.0,1
Clark,Mr. Ruger,2,0.11176428571428572,0.17758882528849315,14,0.0,1
Lester,Toby,2,0.28076666666666666,0.28011771731819385,6,0.0,1
Diane Kelly,Man,2,0.18764166666666668,0.19148084089682588,12,0.0,1
Danny,Pam,2,0.20028823529411763,0.325918916084341,17,0.0,1
Danny,Kevin,2,0.07947777777777779,0.3031856500480551,18,0.0,1
Danny,Todd Packer,2,0.15783,0.2691053438711316,10,0.0,1
Angela,Doug,2,0.022766666666666668,0.07550849106042459,12,0.0,1
Bill,Carol,2,0.32522,0.3132446353890199,5,0.0,1
Carla Fern,Darryl,2,0.04933333333333333,0.11031268688998963,6,0.0,1
Doug,Jim,2,0.08771052631578946,0.2835560798422641,19,0.0,1
Dwight,Sensei,2,0.25788095238095243,0.28537014997075477,21,0.0,1
Carla Fern,Director,2,-0.0588,0.3138275768634745,5,0.0,1
Carla Fern,Producer,2,0.20456666666666667,0.16326829317278832,6,0.0,1
Lady,Michael,2,0.049175,0.3015575957286878,12,0.0,1
Angela & Oscar,Kevin,2,-0.02596363636363637,0.1260161048346042,11,0.0,1
Alan,Dwight,2,0.4740285714285714,0.2521713176976869,7,0.0,1
Andy,Check-in guy,2,0.13547857142857142,0.2598170322652117,14,0.0,1
Dwight,Phillip,2,-0.008500000000000016,0.36092783212160295,7,0.0,1
Malcolm,Phyllis,2,0.10285555555555556,0.4244120406478986,9,0.0,1
Erin,Rachel,2,0.09765,0.21835203800285444,6,0.0,1
Phyllis,Rachel,2,0.20235,0.22742800142755798,6,0.0,1
Bill,Dwight,2,0.25298,0.3373400088931048,5,0.0,1
Meredith,Rachel,2,0.25583999999999996,0.3842777984739686,10,0.0,1
Male church member,Michael,2,0.26535000000000003,0.20705950231757056,8,0.0,1
Ed,Erin,2,0.3668,0.25163695078425985,8,0.0,1
Dwight,Everybody,2,0.17190000000000003,0.20971727396664303,12,1.0,2
Brenda,Meredith,1,0.21593333333333334,0.30537584856843036,3,0.0,1
Elizabeth,Jan,1,0.18418,0.24839671817477782,5,0.0,1
Darryl,Jan,1,0.22797499999999998,0.24227010107522554,4,0.0,1
Dwight,Intern,1,0.07212222222222223,0.1783301917341834,9,0.0,1
Intern,Meredith,1,0.09271111111111112,0.22980958999641637,9,0.0,1
IT Tech Guy,Kelly,1,0.255,0.36062445840513924,3,0.0,1
IT Tech Guy,Michael,1,0.21664,0.3006033240002512,5,0.0,1
Nurse,Phyllis,1,-0.26353333333333334,0.3726924141373896,3,0.0,1
Kelly,Nurse,1,-0.15293333333333334,0.21628039413892533,3,0.0,1
Creed,Nurse,1,0.1543,0.26725543960787773,4,0.0,1
Nurse,Stanley,1,0.0,0.0,3,0.0,1
Michael,Pediatrician,1,0.21663333333333337,0.44290545517324825,3,0.0,1
Andy,Nurse,1,0.20995,0.20995,2,0.0,1
Nurse,Oscar,1,0.1591,0.1591,2,0.0,1
Kevin,Someone,1,-0.12055,0.12055,2,0.0,1
Phyllis,Someone,1,-0.12055,0.12055,2,0.0,1
Pam,Someone,1,-0.12055,0.12055,2,0.0,1
Andy,Someone,1,-0.12055,0.12055,2,0.0,1
Jim,Someone,1,-0.3215,0.08039999999999999,2,0.0,1
Oscar,Someone,1,-0.26855,0.02744999999999999,2,0.0,1
Creed,Waitress,1,0.1468,0.20760655095637034,3,0.0,1
Stanley,Waitress,1,0.0,0.0,3,0.0,1
Oscar,Waitress,1,0.0,0.0,2,0.0,1
Darryl,Elizabeth,1,0.36656,0.22313872456389097,5,0.0,1
Dwight,Larry Myers,1,0.28345000000000004,0.32251132770803576,10,0.0,1
Larry Myers,Michael,1,0.32876923076923076,0.3027903346303546,13,0.0,1
Amy,Jim,1,0.39521999999999996,0.20580528078744725,5,0.0,1
Amy,Pam,1,0.2470333333333333,0.3809106879863339,6,0.0,1
Amy,Toby,1,0.3623666666666667,0.28211954518922966,9,0.0,1
Dwight,Robert Dunder,1,0.33240000000000003,0.26044331436994117,3,0.0,1
Robert Dunder,Toby,1,0.12040000000000001,0.17027131290972064,3,0.0,1
Jim,Robert Dunder,1,0.12040000000000001,0.17027131290972064,3,0.0,1
Creed,Robert Dunder,1,-0.02009999999999999,0.3198518719657586,3,0.0,1
Robert Dunder,Ryan,1,0.04515,0.11945567169456626,8,0.0,1
DwightKSchrute,Pam,1,0.0,0.0,2,0.0,1
Pam,Tech Guy,1,0.20095,0.20095,4,0.0,1
Michael,Tech Guy,1,0.12595714285714285,0.254594921154274,7,0.0,1
Angela,Tech Guy,1,-0.07020000000000001,0.47209999999999996,2,0.0,1
Kelly,Tech Guy,1,-0.011380000000000001,0.27253386138239777,5,0.0,1
Oscar,Tech Guy,1,0.20095,0.20095,2,0.0,1
Pam,sAndy,1,0.09806666666666668,0.13868721001672152,3,0.0,1
Andy,sAndy,1,0.21789999999999998,0.1563677929327733,3,0.0,1
Dwight,sAndy,1,0.23306666666666664,0.3115962433805788,6,0.0,1
Jim,sAndy,1,0.028380000000000006,0.14541100921182,5,0.0,1
Ryan,Voice of Thomas Dean,1,0.30545,0.36265000000000003,2,0.0,1
Manager,Ryan,1,0.26430000000000003,0.2640457914832198,3,0.0,1
Pizza guy,Ryan,1,0.2083,0.29458068504231566,3,0.0,1
Angela,Pizza guy,1,0.1806,0.1806,2,0.0,1
All,Pizza guy,1,-0.1424625,0.3286005018921152,8,0.0,1
Pam,Pizza guy,1,0.026618181818181822,0.2985316788982119,11,0.0,1
Oscar,Pizza guy,1,0.029279999999999994,0.312978180709135,10,0.0,1
Angela,Angels,1,0.14381818181818182,0.1923228574236648,11,0.0,1
Angels,Michael,1,0.3556230769230769,0.28950228683525153,13,0.0,1
DunMiff/sys,Michael,1,0.42991999999999997,0.37874820870863535,5,0.0,1
Angela,DunMiff/sys,1,0.345,0.345,2,0.0,1
DunMiff/sys,Pam,1,-0.148,0.148,2,0.0,1
Jan,Micahel,1,0.11635714285714285,0.19743752615623475,7,0.0,1
Micahel,Michae,1,0.27065,0.27065,2,0.0,1
Bartender,Man,1,0.15022,0.2410866101632357,5,0.0,1
Andy,Voice #1 on phone,1,0.16018333333333332,0.3581808221958412,6,0.0,1
Angela,Voice #1 on phone,1,0.21989999999999998,0.31098556236584357,3,0.0,1
Andy,Voice #2 on phone,1,0.25142,0.3728992164110833,5,0.0,1
Angela,Voice #2 on phone,1,0.47785,0.18184999999999998,2,0.0,1
Voice #1 on phone,Voice #2 on phone,1,0.09866666666666667,0.13953573815414536,3,0.0,1
Kevin,Pizza guy,1,0.0,0.0,2,0.0,1
Manager,Pizza guy,1,0.084,0.084,2,0.0,1
Jan,Vikram,1,0.21907500000000002,0.22224178134410283,8,0.0,1
Co-Worker 2,Nick,1,0.2072,0.2072,2,0.0,1
Co-Worker 3,Nick,1,0.13813333333333333,0.1953500334158035,3,0.0,1
Micael,Nick,1,0.01601666666666667,0.2503447783668666,6,0.0,1
Micael,Michael,1,0.18752,0.24696965319650108,5,0.0,1
Stanely,Stanley,1,0.08038,0.16076,5,0.0,1
Michael,Stanely,1,0.2717714285714285,0.24216634020138017,7,0.0,1
Co-Worker 1,Nick,1,0.31725000000000003,0.21286259065415886,4,0.0,1
Co-Worker 1,Michael,1,0.18543333333333334,0.2622423349160509,3,0.0,1
Kevin,Oscar and Stanley,1,0.21334999999999998,0.23250691925187947,4,0.0,1
Oscar and Stanley,Phyllis,1,-0.23835,0.23835,2,0.0,1
Oscar and Stanley,Pam,1,0.0,0.0,4,0.0,1
Michael,Oscar and Stanley,1,-0.19226000000000001,0.34048524843229255,10,0.0,1
Meredith,Oscar and Stanley,1,0.0,0.0,2,0.0,1
Oscar and Stanley,Stanley,1,-0.148,0.148,2,0.0,1
Oscar,Oscar and Stanley,1,-0.185775,0.18701045926632018,4,0.0,1
Michael,Mr. Figaro,1,0.1606625,0.2815893239164972,8,0.0,1
Co-Worker 2,Vikram,1,0.3414333333333333,0.1669519857790124,6,0.0,1
Co-Worker 3,Vikram,1,0.4779,0.09250046486369677,5,0.0,1
Co-Worker 2,Jan,1,0.04933333333333333,0.11031268688998963,6,0.0,1
Co-Worker 3,Jan,1,0.12738,0.25476,5,0.0,1
Ben,Michael,1,0.05199999999999999,0.4129531541228375,8,0.0,1
Ben,Pam,1,-0.025740000000000002,0.1361620887031335,5,0.0,1
Ad guy 1,Jim,1,0.15665999999999997,0.15533125377720994,5,0.0,1
Ad guy 2,Jim,1,0.042275,0.10878284274185888,4,0.0,1
Bartender,Everyone,1,0.1806,0.1806,2,0.0,1
"Andy, Creed, Kevin, Kelly, Darryl",Darryl,1,-0.003949999999999991,0.3676702224820498,6,0.0,1
"Andy, Creed, Kevin, Kelly","Andy, Creed, Kevin, Kelly, Darryl",1,0.0,0.0,3,0.0,1
"Andy, Creed, Kevin, Kelly, Darryl",Michael,1,0.3057,0.28755223293632526,3,0.0,1
Receptionist,Ryan,1,0.18080000000000002,0.3374975777690856,8,0.0,1
Deposition Reporter,Jan,1,0.21965,0.22123630466087613,4,0.0,1
Diane,Diane Kelly,1,0.16306666666666667,0.14952951399491524,3,0.0,1
Diane,Toby,1,0.12040000000000001,0.17027131290972064,3,0.0,1
Lester,Ryan,1,0.29973333333333335,0.21207654802505208,3,0.0,1
Dwight,Security guard,1,0.0,0.0,2,0.0,1
Michael,Security guard,1,0.0,0.0,2,0.0,1
Dwight and Michael,Jim,1,0.05636666666666667,0.12603969833173814,6,0.0,1
Dwight and Michael,Michael and Dwight,1,0.1691,0.1691,2,0.0,1
Hunter's CD,Jan,1,0.41917499999999996,0.3124242658229351,4,0.0,1
All,Jan,1,0.33045,0.2191813917740281,4,0.0,1
Council,Jan,1,0.3901333333333333,0.3997728549508528,3,0.0,1
Council,Michael,1,0.30896,0.3106042923077529,5,0.0,1
Council,Lester,1,0.1346,0.42157405992304603,5,0.0,1
Man,Toby,1,0.10606666666666666,0.1500009185157063,3,0.0,1
Diane,Man,1,0.274325,0.28225633185988935,8,0.0,1
Deposition Reporter,Diane,1,-0.148,0.148,2,0.0,1
Officer,Officer 2,1,-0.015633333333333332,0.20421942991683129,3,0.0,1
Dwight,Officer,1,0.10071666666666668,0.10741865785586578,6,0.0,1
Jim,Officer,1,-0.028425000000000006,0.20222497836568065,4,0.0,1
Jan,Officer,1,0.07543333333333334,0.10667884305501046,3,0.0,1
Michae,Pam,1,0.13935,0.24136128003472307,4,0.0,1
Andy,Michae,1,0.3772,0.39242392893400374,4,0.0,1
Hunter's CD,Michael,1,0.28064,0.5999806616883582,5,0.0,1
Angela,Hunter's CD,1,0.4158,0.4158,2,0.0,1
Hunter's CD,Jim,1,0.4158,0.4158,2,0.0,1
All,Hunter's CD,1,0.65415,0.17745,2,0.0,1
Michael,Wendy's phone operator,1,0.22556153846153842,0.23681498308387872,13,0.0,1
Jan,Neighbor,1,-0.24210000000000007,0.6639421862381292,3,0.0,1
Officer 1,Pam,1,-0.029700000000000004,0.3551026471317836,4,0.0,1
Michael,Officer 1,1,0.03886,0.38184314894993204,10,0.0,1
Officer 1,Officer 2,1,-0.0784,0.33221238989538004,5,0.0,1
Officer 2,Pam,1,-0.09106666666666667,0.12878771508010986,3,0.0,1
Michael,Officer 2,1,0.02602222222222223,0.33891441324643135,9,0.0,1
Dwight,Officer 1,1,0.032400000000000005,0.2688879506411546,8,0.0,1
Dwight,Officer 2,1,0.014971428571428571,0.14733500907102556,7,0.0,1
Jim,Officer 1,1,-0.07646666666666667,0.3131658275667311,6,0.0,1
Jim,Officer 2,1,-0.12264,0.15168084387950906,5,0.0,1
Jan,Officer 1,1,-0.023760000000000003,0.3178355650332416,5,0.0,1
Jan,Officer 2,1,-0.0683,0.11829907015695432,4,0.0,1
Officer,Officer 1,1,0.026874999999999996,0.37290834916236454,4,0.0,1
Officer,Pam,1,0.11315,0.11315,2,0.0,1
Michael,Officer,1,0.0917125,0.34444615122504996,8,0.0,1
Bill Cress,Bob Vance,1,0.1366,0.1366,2,0.0,1
Bill Cress,Paul,1,0.23786666666666667,0.18152019783545362,3,0.0,1
Bill Cress,W.B. Jones,1,0.11827999999999998,0.14556008244020746,5,0.0,1
Andy,Bill Cress,1,0.457125,0.19766432878746737,4,0.0,1
Kevin,Paul Faust,1,0.128075,0.1480572756570916,4,0.0,1
Bob Vance,Paul Faust,1,0.0,0.0,2,0.0,1
Paul,Paul Faust,1,0.1468,0.20760655095637034,3,0.0,1
Paul Faust,W.B. Jones,1,0.06364,0.12727999999999998,5,0.0,1
Andy,Paul Faust,1,0.388825,0.27962476978086187,4,0.0,1
Bill Cress,Paul Faust,1,0.1366,0.1366,2,0.0,1
Jan [on phone],Margaret,1,0.017980000000000017,0.3513557194639074,5,0.0,1
Jan [on phone],Michael,1,0.30606666666666665,0.5021138770792494,6,0.0,1
Coffee shop worker,Margaret,1,-0.0193,0.03342858058607934,4,0.0,1
Coffee shop worker,Michael,1,-0.005599999999999999,0.34875398205611935,5,0.0,1
Dwight,Wendy's phone operator,1,0.09062857142857143,0.14521359356169808,7,0.0,1
Troy,Waitress,1,0.0,0.0,2,0.0,1
Dwight,Michael/Dwight,1,0.43435,0.43435,2,0.0,1
Michael,Michael/Dwight,1,0.10376666666666667,0.5868082840436237,3,0.0,1
Kevin,Paul,1,0.19054,0.18205567939506856,5,0.0,1
Bob Vance,Paul,1,0.1468,0.20760655095637034,3,0.0,1
Kevin,W.B. Jones,1,0.11864285714285715,0.14929118103456038,7,0.0,1
Bob Vance,W.B. Jones,1,0.06364,0.12727999999999998,5,0.0,1
Paul,W.B. Jones,1,0.12643333333333331,0.1822503193108009,6,0.0,1
Andy,Bob Vance,1,0.388825,0.27962476978086187,4,0.0,1
Andy,Paul,1,0.39913999999999994,0.2509533948764192,5,0.0,1
Andy,W.B. Jones,1,0.2676428571428571,0.27185130314274414,7,0.0,1
Bill Cress,Kevin,1,0.196375,0.13572244425665198,4,0.0,1
Bartender,Troy,1,0.0,0.0,3,0.0,1
Michael,Tall Girl #2,1,0.05135,0.05135,2,0.0,1
Dwight,Tall Girl #2,1,0.04228333333333334,0.078340590089401,6,0.0,1
All Girls,Tall Girl #2,1,0.0,0.0,2,0.0,1
All Girls,Michael,1,0.05135,0.05135,2,0.0,1
All Girls,Dwight,1,0.04228333333333334,0.078340590089401,6,0.0,1
Tall Girl #1,Tall Girl #2,1,0.23916666666666667,0.17670707085142034,3,0.0,1
All Girls,Tall Girl #1,1,0.23916666666666667,0.17670707085142034,3,0.0,1
Ryan,Tall Girl #2,1,-0.131675,0.2280677900866319,4,0.0,1
All Girls,Ryan,1,-0.131675,0.2280677900866319,4,0.0,1
Girl in Club,Michael,1,0.3106,0.31615794384222806,11,0.0,1
Kid,Oscar,1,0.1468,0.20760655095637034,3,0.0,1
Darryl,Justin,1,-0.073425,0.2800104317253198,4,0.0,1
Michael and Darryl,Pam,1,0.39135,0.030149999999999982,2,0.0,1
Michael,Michael and Darryl,1,0.3004166666666667,0.24722206223465484,6,0.0,1
Darryl,Michael and Darryl,1,0.14448,0.1769511390186568,5,0.0,1
Dwight,Michael and Darryl,1,0.1806,0.1806,2,0.0,1
Actor,Actress,1,0.0,0.0,2,0.0,1
Actress,Improv Teacher,1,0.10871111111111113,0.35102462542437246,9,0.0,1
Actor,Improv Teacher,1,0.10871111111111113,0.35102462542437246,9,0.0,1
Actress,Michael,1,0.07694,0.25820939254798614,10,0.0,1
Bob Vance,Meredith,1,-0.09035000000000001,0.38634999999999997,2,0.0,1
Michael,"Phyllis, Meredith, Michael, Kevin",1,0.4123,0.30088288419250436,4,0.0,1
"Phyllis, Meredith, Michael, Kevin",Ryan,1,0.0,0.0,3,0.0,1
Bob Vance,Stanley,1,0.0,0.0,4,0.0,1
Bob Vance,Ryan,1,0.0,0.0,6,0.0,1
JIm,Jim,1,0.30155999999999994,0.2922742862449586,5,0.0,1
Kelly,Michael and Darryl,1,0.47975,0.11855000000000002,2,0.0,1
Cleaning lady,Jim,1,0.20584999999999998,0.20596660530289856,4,0.0,1
Cleaning lady,Oscar,1,0.1101,0.1906987939133334,4,0.0,1
Tall Girl #1,Troy,1,0.19119999999999998,0.196515292025837,4,0.0,1
Air Force recruiter,Justin,1,0.24364999999999998,0.35396344797167967,4,0.0,1
Air Force recruiter,Michael,1,0.21368333333333334,0.2852186261838841,6,0.0,1
Phil,Phil Maguire,1,-0.1806,0.1806,2,0.0,1
Brad,Pam,1,0.3072333333333333,0.20993705935086562,12,0.0,1
Graphics guy,Pam,1,0.2285714285714286,0.2749188402192236,21,0.0,1
Michael,Woman on mic,1,0.63845,0.32025000000000003,2,0.0,1
Kevin,Maguire,1,0.3991,0.17279999999999998,2,0.0,1
Maguire,Phil,1,0.30365,0.2197349369126357,4,0.0,1
Andy,Maguire,1,0.142975,0.24763996421216022,4,0.0,1
Jim,Maguire,1,0.40293333333333337,0.28614996456792063,3,0.0,1
Justin,Oscar,1,-0.0662,0.12421567265580193,6,0.0,1
Pam,Phil,1,0.1663,0.2880400492987043,4,0.0,1
Dwight,Someone,1,-0.0193,0.03342858058607934,4,0.0,1
Someone,Troy,1,0.0,0.0,2,0.0,1
Jim,Troy,1,0.21227142857142858,0.3007064240573981,7,0.0,1
Pam,Troy,1,0.06815714285714285,0.17031430488652324,7,0.0,1
Hank,Toby,1,0.1468,0.20760655095637034,3,0.0,1
Holy,Kevin,1,0.074,0.1281717597600969,4,0.0,1
Holly,Holy,1,0.22397,0.3090303805453438,10,0.0,1
Phyllis,Vance Refrigeration guy,1,0.2072,0.2072,2,0.0,1
Kevin,Kevin & Oscar,1,0.0,0.0,2,0.0,1
Dwight,Kevin & Oscar,1,0.16463333333333333,0.23282669281869056,3,0.0,1
Michael,Michael and Jim,1,0.4544999999999999,0.6450130618832459,4,0.0,1
Bill,Mary-Beth,1,0.19540000000000002,0.1985226435447604,4,0.0,1
Bill,Improv Teacher,1,0.1011,0.3283887678608129,7,0.0,1
Phyllis,Woman over speakerphone,1,0.07461428571428572,0.11943716134521985,7,0.0,1
Friend,Professor,1,0.021033333333333324,0.21411234330499385,3,0.0,1
Michael,Ronnie,1,0.27695000000000003,0.19975,2,0.0,1
Kevin,Ronnie,1,0.277875,0.29841150593601445,4,0.0,1
Jan,Ronnie,1,0.1285,0.16543924564624926,5,0.0,1
Co-workers,Darryl,1,0.0,0.0,3,0.0,1
Co-workers,Michael,1,0.18510000000000001,0.3809050567034024,9,0.0,1
Co-workers,Toby,1,0.24164285714285713,0.3098839176998051,7,0.0,1
Dwight,JIM9334 [screen name],1,0.15736666666666665,0.2262105558004656,6,0.0,1
Dwight,JIM9334,1,0.13488571428571428,0.26819124534859945,7,0.0,1
JIM9334 [screen name],Receptionitis15,1,0.08333333333333333,0.11785113019775792,3,0.0,1
Pam,Receptionitis15,1,-0.013716666666666663,0.3082699488903985,6,0.0,1
JIM9334,Receptionitis15,1,0.0625,0.2356411466616134,4,0.0,1
Dwight,Receptionitis15,1,0.1706,0.21192396884597214,7,0.0,1
JIM9334 [screen name],Receptionitis15 [screen name],1,0.0,0.0,2,0.0,1
Pam,Receptionitis15 [screen name],1,-0.06645999999999999,0.31200204871122245,5,0.0,1
JIM9334,Receptionitis15 [screen name],1,0.0,0.24168298795460688,3,0.0,1
Dwight,Receptionitis15 [screen name],1,0.15736666666666665,0.2262105558004656,6,0.0,1
Receptionitis15,Receptionitis15 [screen name],1,0.08333333333333333,0.11785113019775792,3,0.0,1
JIM9334 [screen name],Jim,1,-0.07426666666666666,0.14768446845292235,9,0.0,1
JIM9334,Jim,1,-0.06684,0.194034095972847,10,0.0,1
Jim,Receptionitis15,1,-0.04184,0.17056679160962138,10,0.0,1
Jim,Receptionitis15 [screen name],1,-0.07426666666666666,0.14768446845292235,9,0.0,1
Dight,Jim,1,0.215775,0.21589199122477887,4,0.0,1
Dight,Meredith,1,0.12248,0.24496,5,0.0,1
Micheal,Oscar,1,0.043750000000000004,0.18890747073633696,6,0.0,1
Dight,Oscar,1,0.08808,0.17616,5,0.0,1
Dight,Stanley,1,0.0,0.0,2,0.0,1
Dight,Ryan,1,0.3804,0.3804,2,0.0,1
Dwight,Michael & Holly,1,0.46135,0.46135,2,0.0,1
JIM9334 [screen name],Pam,1,-0.06645999999999999,0.31200204871122245,5,0.0,1
JIM9334,JIM9334 [screen name],1,0.0,0.24168298795460688,3,0.0,1
JIM9334,Pam,1,-0.05538333333333333,0.3330763596968252,6,0.0,1
Kendall,Ryan,1,0.20105,0.26949543131563475,8,0.0,1
Kevin,Micheal,1,-0.0593,0.08386286424872455,3,0.0,1
Micheal,Phyllis,1,0.2278,0.453801564563191,3,0.0,1
Dight,Kevin,1,0.0,0.0,2,0.0,1
Dight,Phyllis,1,0.43065,0.43065,2,0.0,1
Dight,Micheal,1,-0.0593,0.08386286424872455,3,0.0,1
Dight,Michael,1,0.23410833333333333,0.4005881300420115,24,0.0,1
Dight,Dwight,1,-0.028416666666666663,0.4079242430348502,6,0.0,1
Andy,Dight,1,-0.16626000000000002,0.3815965806974691,5,0.0,1
Angela,Micheal,1,0.17569999999999997,0.3812531704786204,3,0.0,1
Angela,Dight,1,0.3525,0.3525,2,0.0,1
Dight,Kelly,1,-0.00825,0.014289419162443237,4,0.0,1
Dight,Holly,1,0.12735,0.35177470102009584,18,0.0,1
Jim,Micheal,1,0.13704,0.2491671776137459,5,0.0,1
Guy in audience,Phyllis,1,0.12726666666666667,0.17998224603801588,3,0.0,1
David,Guy in audience,1,0.219425,0.3800552484508009,4,0.0,1
Guy in audience,Michael,1,0.20732857142857145,0.33220927446538323,7,0.0,1
Dwight,Guy in audience,1,0.0,0.0,3,0.0,1
Bob,Guy in audience,1,0.0,0.0,3,0.0,1
Guy in audience,Oscar,1,0.0,0.0,3,0.0,1
Jim,Pam [on phone],1,-0.08451428571428574,0.22140574536726157,7,0.0,1
Jim,Man on phone,1,-0.085,0.14722431864335456,4,0.0,1
Man on phone,Pam [on phone],1,-0.05032,0.2301658827889138,5,0.0,1
Pam,Receptionist,1,0.29295,0.29295,2,0.0,1
Jan,Stanley,1,0.3431,0.35227726769312456,6,0.0,1
Holly,Kendall,1,0.15868333333333332,0.3044920164069258,12,0.0,1
Kendall,Michael,1,0.11317000000000002,0.3167900757599581,10,0.0,1
Michael,"Michael, Holly, and Darryl",1,0.39926666666666666,0.3340559766798905,3,0.0,1
Darryl,"Michael, Holly, and Darryl",1,0.0,0.0,2,0.0,1
Holly,"Michael, Holly, and Darryl",1,0.0,0.0,2,0.0,1
Michael and Holly,"Michael, Holly, and Darryl",1,0.0386,0.0386,2,0.0,1
Michael,Michael and Holly,1,0.425,0.30392249011878014,3,0.0,1
Darryl,Michael and Holly,1,0.0386,0.0386,2,0.0,1
Holly,Michael and Holly,1,0.0386,0.0386,2,0.0,1
Angela,David,1,0.0,0.0,4,0.0,1
All,David,1,0.0,0.0,3,0.0,1
Andy,Bob,1,0.08667272727272728,0.18386061959543304,11,0.0,1
Angela,Bob,1,0.04333636363636364,0.13704161460020606,11,0.0,1
All,Bob,1,0.047670000000000004,0.14301000000000003,10,0.0,1
Kevin,Mother,1,0.15168333333333334,0.23882798842588687,6,0.0,1
Michael,Mother,1,0.0711,0.24542453830047228,15,0.0,1
Andy,Mother,1,0.045533333333333335,0.10181562857549042,6,0.0,1
Group,Mother,1,0.05464,0.10928,5,0.0,1
Kelly,Mother,1,0.0813142857142857,0.12871349611300537,7,0.0,1
Jim,Mother,1,0.09486666666666665,0.13432307653150627,6,0.0,1
Darryl,Michael & Holly,1,0.11671666666666668,0.2609864007738505,6,0.0,1
Holly,Michael & Holly,1,0.0734,0.16412738954848458,12,0.0,1
Darryl,Holly & Darryl,1,0.05097692307692308,0.1306603415427612,13,0.0,1
Holly,Holly & Darryl,1,-0.00965,0.025531500151773297,8,0.0,1
Holly & Darryl,Michael,1,0.09287692307692308,0.20329908302735483,13,0.0,1
Andy,Beth,1,0.15030833333333335,0.26045581345765517,12,0.0,1
Beth,Stewardess,1,0.060919999999999995,0.28075103846646765,5,0.0,1
Oscar,Stewardess,1,0.1101,0.1983581357040845,4,0.0,1
Beth,Oscar,1,0.1284857142857143,0.26485954999676675,7,0.0,1
Kevin & Andy,Michael,1,0.24945,0.5660127494147106,4,0.0,1
Andy,Kevin & Andy,1,0.0,0.0,2,0.0,1
Jim,Kevin & Andy,1,0.28595,0.28595,2,0.0,1
Kevin & Andy,Meredith,1,-0.2757,0.2757,2,0.0,1
Dwight ,Jim,1,-0.007018181818181818,0.022193439578636266,11,0.0,1
Dwight,Dwight ,1,-0.01862222222222222,0.25814580624900846,9,0.0,1
Dwight ,Pam,1,0.2294,0.2294,2,0.0,1
Alex,Jim and Pam,1,0.0386,0.0386,2,0.0,1
Dacvid Walalce,David Wallcve,1,0.36985,0.05165,2,0.0,1
Client,Michael,1,0.545225,0.2410891264138638,4,0.0,1
Concierge Marie,Marie,1,0.0,0.0,2,0.0,1
Andy,Guy at table,1,0.16885,0.3331918493901074,10,0.0,1
Guy,Guy at table,1,-0.0322,0.033447869887333635,4,0.0,1
Guy at table,Oscar,1,-0.01544,0.03088,5,0.0,1
Andy,Marie,1,0.2912555555555556,0.22428067292326723,9,0.0,1
Marie,Oscar,1,0.241825,0.20276119420392058,8,0.0,1
Andy,Concierge,1,0.28981,0.2551076300309342,10,0.0,1
Concierge,Michael,1,0.48932000000000003,0.28042750507038355,10,0.0,1
Concierge,Oscar,1,0.293875,0.311798856436325,4,0.0,1
Michael,Stewardess,1,0.23296250000000002,0.272012570653913,16,0.0,1
Andy,Stewardess,1,0.1494111111111111,0.2317811489048545,9,0.0,1
Beth,Michael,1,0.22033684210526316,0.28381999152636816,19,0.0,1
Pam,Police Officer 1,1,0.0,0.0,4,0.0,1
Vance Refrigeration Guy,Vance Refrigeration guy,1,-0.02551666666666667,0.057057001225869645,6,0.0,1
Leo,Vance Refrigeration Guy,1,-0.021871428571428573,0.053573839945729236,7,0.0,1
Leo,Vance Refrigeration guy,1,0.0,0.0,5,0.0,1
Michael,Vance Refrigeration Guy,1,-0.01531,0.045930000000000006,10,0.0,1
Michael,Vance Refrigeration guy,1,0.0,0.0,8,0.0,1
Leo,Michael,1,0.0,0.0,9,0.0,1
Dacvid Wallace,David,1,0.09246666666666667,0.3595967123814615,9,0.0,1
Dacvid Wallace,Michael,1,0.002045454545454532,0.4992629373998806,11,0.0,1
Dacvid Walalce,David,1,0.1393,0.3717467417476581,9,0.0,1
Dacvid Walalce,Dacvid Wallace,1,0.21075,0.21075,2,0.0,1
Dacvid Walalce,Michael,1,0.04036363636363638,0.5136044733462923,11,0.0,1
David,David Wallcve,1,0.12782222222222223,0.36437823382297496,9,0.0,1
Dacvid Wallace,David Wallcve,1,0.1591,0.1591,2,0.0,1
David Wallcve,Michael,1,0.030972727272727263,0.5074574000766586,11,0.0,1
Entire Prince family,Michael,1,0.13856666666666667,0.26741912588461003,9,0.0,1
Andy,Everyone watching,1,-0.025772727272727284,0.31367912409429166,11,0.0,1
Dwight,Everyone watching,1,0.14284615384615382,0.37556883137527763,13,0.0,1
Everyone watching,Jim,1,-0.17516666666666666,0.2477230756756871,3,0.0,1
Meredith,Rehab Nurse,1,-0.24776923076923077,0.459023147371116,13,0.0,1
Michael,Rehab Nurse,1,0.21587272727272727,0.21322837561002347,11,0.0,1
Dwight,Guy buying doll,1,0.315025,0.32107753249799337,4,0.0,1
Guy,Guy buying doll,1,0.303025,0.32487553289683113,4,0.0,1
Michael,Police Officer 1,1,0.061234782608695644,0.31373934155974775,23,0.0,1
Police Officer 1,Toby,1,-0.05659130434782609,0.20686167803010086,23,0.0,1
Police Officer 1,Police Officer 2,1,0.0010928571428571374,0.2254038929321754,14,0.0,1
Michael,Police Officer 2,1,0.15513809523809524,0.2856643642895335,21,0.0,1
Dwight,Police Officer 2,1,0.07403999999999998,0.23921300912227442,15,0.0,1
Police Officer 2,Toby,1,0.026090476190476188,0.20845212286840514,21,0.0,1
Linda,Prince Grandmother,1,0.025733333333333334,0.03639242900506765,3,0.0,1
Prince,Prince Granddaughter,1,0.0,0.0,4,0.0,1
Michael,Prince,1,0.21545714285714285,0.35984963469737846,7,0.0,1
Dwight,Prince,1,-0.14220000000000002,0.4615470506893095,3,0.0,1
Linda,Prince,1,0.025733333333333334,0.03639242900506765,3,0.0,1
Prince,Prince Grandmother,1,0.0,0.0,2,0.0,1
Jim ,Kevin,1,0.099875,0.219830996165236,4,0.0,1
Angela,Jim ,1,0.1366,0.1366,2,0.0,1
Jim ,Kelly,1,0.148,0.148,2,0.0,1
Jim ,Oscar,1,0.0,0.0,2,0.0,1
Entire office,Kevin,1,0.13836666666666667,0.19568001658035727,3,0.0,1
Andy,Entire office,1,0.005766666666666667,0.03530479979958658,3,0.0,1
Entire office,Stanley,1,0.38915,0.38915,2,0.0,1
Entire Prince family,Prince Grandfather,1,0.039775,0.10523475839759408,8,0.0,1
Phyllis and Creed,Stanley,1,-0.254,0.2749690891718558,3,0.0,1
Oscar,Phyllis and Creed,1,0.3325,0.33389377801929765,4,0.0,1
Prince Granddaughter,Prince Son,1,0.43095,0.009450000000000014,2,0.0,1
Michael,Prince Son,1,0.15653999999999998,0.19266750218965314,5,0.0,1
Dwight,Prince Son,1,-0.12638,0.36128340897417355,5,0.0,1
Prince Granddaughter,Prince Grandfather,1,0.32893333333333336,0.0788188358762605,3,0.0,1
Prince Grandfather,Prince Son,1,0.3226333333333333,0.06990929043330998,3,0.0,1
Prince Grandfather,Prince Grandmother,1,-0.079,0.28299159881522984,4,0.0,1
Dwight and Michael,Prince Grandfather,1,0.47973333333333334,0.34414052685236335,3,0.0,1
Linda,Prince Granddaughter,1,0.01544,0.03088,5,0.0,1
Linda,Michael,1,0.198175,0.3396998629304993,8,0.0,1
Prince Granddaughter,Prince Grandmother,1,0.0,0.0,4,0.0,1
CPR trainer,Michael,1,0.10056666666666665,0.0940848671265588,3,0.0,1
David,Michel,1,-0.008211111111111107,0.39713231336796007,9,0.0,1
Lawyer,Michel,1,-0.03093333333333333,0.5485504190338589,3,0.0,1
David,Lawyer,1,-0.14165,0.3666032630787675,10,0.0,1
Lawyer,Michael,1,-0.04239333333333333,0.18552965429338303,15,0.0,1
Dwight,Michel,1,0.07816666666666666,0.3144066430949292,12,0.0,1
Kevin,Phyllis and Creed,1,0.0,0.0,2,0.0,1
Phyllis,Phyllis and Creed,1,0.08455,0.14644489577994857,4,0.0,1
Everyone,Phyllis and Creed,1,0.09106666666666667,0.12878771508010986,3,0.0,1
Michael,Phyllis and Creed,1,0.20229999999999998,0.33909589457008427,14,0.0,1
Pam,Phyllis and Creed,1,-0.012979999999999992,0.3900116018787133,5,0.0,1
Andy,Phyllis and Creed,1,0.015590000000000003,0.342441882514391,10,0.0,1
Dwight,Phyllis and Creed,1,-0.05054583333333334,0.31736750382268014,24,0.0,1
Angela,Phyllis and Creed,1,0.10602500000000001,0.2085787905684564,8,0.0,1
Jim,Phyllis and Creed,1,0.03232857142857143,0.07918850411311902,7,0.0,1
Andy,Rose,1,0.21925454545454548,0.3030847897075439,11,0.0,1
Angela,CPR Trainer,1,0.10527142857142857,0.16723226546406914,7,0.0,1
Angela,Rose,1,0.1935571428571429,0.2797280534332426,14,0.0,1
CPR Trainer,Kelly,1,0.0,0.0,2,0.0,1
Kelly,Rose,1,0.21921111111111113,0.31870355241350484,9,0.0,1
CPR Trainer,Jim,1,0.13396666666666665,0.18945747690591563,3,0.0,1
Jim,Rose,1,0.23748000000000005,0.3072759827907154,10,0.0,1
CPR Trainer,Creed,1,-0.09866666666666667,0.13953573815414536,3,0.0,1
Creed,Rose,1,0.16769000000000003,0.3395652851809208,10,0.0,1
Rose,Stanley,1,0.21426363636363635,0.3241615009184248,11,0.0,1
CPR trainer,Dwight,1,-0.08779999999999999,0.3141,2,0.0,1
Andy,Lily,1,-0.2806,0.2806,2,0.0,1
Andy,Sam,1,-0.21615,0.21615,2,0.0,1
Darryl,Warehouse Michael,1,0.0,0.0,7,0.0,1
Michael,Warehouse Michael,1,0.17743333333333333,0.25196804471114104,6,0.0,1
Jessica Alba,Lily,1,0.162275,0.23858790177835923,4,0.0,1
Jessica Alba,Sam,1,0.18717499999999998,0.1627760482227038,4,0.0,1
CPR Trainer,Everyone,1,0.31845,0.31845,2,0.0,1
Kevin,Rose,1,0.1940666666666667,0.3430069710985802,9,0.0,1
CPR Trainer,Rose,1,0.2192111111111111,0.31870355241350484,9,0.0,1
Phyllis,Rose,1,0.21921111111111113,0.31870355241350484,9,0.0,1
Everyone,Rose,1,0.28997777777777783,0.3325802819630432,9,0.0,1
Michael,Rose,1,0.13044999999999998,0.386378320647868,24,0.0,1
Dwight,Rose,1,0.12078000000000001,0.41369716170164855,15,0.0,1
Andy,CPR Trainer,1,0.109725,0.19004927486049505,4,0.0,1
Jim,"Jim, Pam, Michael and Dwight",1,0.12654285714285715,0.30996543059390563,7,0.0,1
A.J.,Man,1,0.2864625,0.2761639229583582,8,0.0,1
A.J.,Pam,1,0.2030545454545454,0.30113022058914335,11,0.0,1
A.J.,Michael,1,0.39335555555555557,0.3385229144094192,18,0.0,1
A.J.,Woman,1,0.2864625,0.27616392295835823,8,0.0,1
Man,Woman,1,0.0,0.0,2,0.0,1
Mark,Michael,1,0.289375,0.30431650361917606,8,0.0,1
Karen,Mark,1,0.12886,0.38299118841038626,5,0.0,1
Pam,Rolando,1,0.015479999999999999,0.02064,5,0.0,1
Michael,Rolando,1,0.22114444444444448,0.4041502281498555,9,0.0,1
Julia,Phyllis,1,0.14049999999999999,0.19869700551341987,3,0.0,1
Dwight,Lynn,1,0.007611111111111112,0.17893306286892402,9,0.0,1
Lynn,Michael,1,0.15525384615384616,0.29852867563688884,13,0.0,1
Blood Drive Worker,Hank,1,-0.025733333333333334,0.03639242900506765,3,0.0,1
Blood Drive Worker,Dwight,1,-0.13396666666666665,0.18945747690591563,3,0.0,1
"Jim, Pam, Michael and Dwight",Phone Salesman,1,0.21395,0.30272920655265495,6,0.0,1
Michael,Phone Salesman,1,0.21781999999999999,0.2746343561901897,10,0.0,1
"Jim, Pam, Michael and Dwight",Michael,1,0.1118125,0.1949878485797256,8,0.0,1
Christian,Hostess,1,0.270325,0.1588536020208544,4,0.0,1
Hostess,Jan,1,0.11945,0.16605176150827186,8,0.0,1
Actress,Girl acting Pregnant,1,-0.30315,0.30315,2,0.0,1
Actor,Girl acting Pregnant,1,-0.30315,0.30315,2,0.0,1
Girl acting Pregnant,Improv Teacher,1,0.04134444444444447,0.41733851996540355,9,0.0,1
Girl acting Pregnant,Michael,1,0.01631,0.33028140562253877,10,0.0,1
Improv Teacher,Mary-Beth,1,0.2083,0.29458068504231566,3,0.0,1
Dwight,Mark,1,0.44698571428571426,0.2946766529535694,7,0.0,1
Jim,Mark,1,0.25963636363636367,0.38796773594234796,11,0.0,1
Mark,Ryan,1,0.23322500000000002,0.2625271450250431,4,0.0,1
"Jim, Pam, Michael and Dwight",Pam,1,0.1521857142857143,0.24562710662751386,7,0.0,1
Dwight,Phone Salesman,1,0.25674,0.31462368378747335,5,0.0,1
Dwight,"Jim, Pam, Michael and Dwight",1,0.0,0.0,3,0.0,1
Jim,Phone Salesman,1,0.24105555555555558,0.34740131487984743,9,0.0,1
David,Man on phone,1,0.1245,0.30814731686141433,9,0.0,1
Man on phone,Pam,1,0.0,0.0,3,0.0,1
Man on phone,Michael,1,0.09805000000000001,0.3920373653535251,12,0.0,1
Dwight,Man on phone,1,0.16430769230769232,0.44895626215194256,13,0.0,1
Blood Drive Worker,Phyllis,1,-0.2899,0.11199999999999999,2,0.0,1
Blood Drive Worker,Stanley,1,0.0812,0.2513499154565205,3,0.0,1
Blonde,Michael,1,0.0,0.0,4,0.0,1
Andy,Employees,1,-0.5071666666666667,0.255054351506149,3,0.0,1
Charles,Employees,1,-0.2886666666666667,0.4082363150050334,3,0.0,1
Employees,Michael,1,0.00495000000000001,0.6193746099897864,4,0.0,1
Charles,Stephanie,1,0.17541428571428572,0.23408305259075052,7,0.0,1
Michael,Sherri,1,0.10861818181818181,0.23746493451448134,22,0.0,1
Nana,Vikram,1,0.0,0.0,2,0.0,1
Michal,Vikram,1,0.2369,0.2369,2,0.0,1
Michal,Nana,1,0.2369,0.2369,2,0.0,1
Nana,Pam,1,0.0,0.0,2,0.0,1
Michal,Pam,1,0.2369,0.2369,2,0.0,1
Ryan,Vikram,1,0.0,0.0,2,0.0,1
Pam,Supervisor,1,-0.04181666666666667,0.1970061455612207,12,0.0,1
Michael,Supervisor,1,0.11540769230769232,0.3064774717822815,13,0.0,1
Ryan,Supervisor,1,-0.08912857142857143,0.21831952150320352,7,0.0,1
Charles,Hank,1,0.16942857142857143,0.13382770068034402,7,0.0,1
Angela,Angela and Kelly,1,0.49219999999999997,0.41229274389281545,3,0.0,1
Angela and Kelly,Kelly,1,0.39480000000000004,0.311908961076786,4,0.0,1
Angela and Kelly,Charles,1,0.2214,0.3834760487957495,4,0.0,1
Michael,Phone,1,0.22319999999999998,0.31565246712167483,3,0.0,1
Dwight and Erin,Toby,1,-0.148,0.148,2,0.0,1
Nana,Old Woman,1,0.0759,0.28139126293675654,7,0.0,1
Chares,Kevin,1,0.08735,0.13895,2,0.0,1
Chares,Charles,1,0.19271666666666668,0.14263789137377053,6,0.0,1
Chares,Dwight,1,0.11315,0.11315,2,0.0,1
Chares,Jim,1,0.2101666666666667,0.15702072757724977,6,0.0,1
Automated phone voice,Michael,1,0.2997,0.2997,2,0.0,1
"Michael, Pam & Ryan",Pam,1,-0.44005,0.44005,2,0.0,1
Michael,"Michael, Pam & Ryan",1,-0.024739999999999984,0.5370011270006796,5,0.0,1
"Michael, Pam & Ryan",Ryan,1,-0.08506666666666667,0.6173510634602937,3,0.0,1
Dwight and Andy,Erin,1,0.410975,0.26369124345529565,4,0.0,1
Dwight and Andy,Toby,1,-0.148,0.148,2,0.0,1
Dwight and Andy,Dwight and Erin,1,0.0,0.0,2,0.0,1
Andy,Dwight and Erin,1,0.26565,0.37414609780138025,4,0.0,1
Dwight,Jim ,1,-0.2553,0.2553,2,0.0,1
Jim ,Pam,1,0.0903,0.15640418792346963,4,0.0,1
Pam,Ty,1,-0.074,0.3117527946947709,4,0.0,1
Michael,Ty,1,0.08820769230769229,0.28842526151377573,13,0.0,1
Financial Guy,Ty,1,0.061261538461538464,0.21061724868535098,13,0.0,1
Financial Guy,Pam,1,0.08403076923076923,0.24323142314902613,13,0.0,1
Financial Guy,Michael,1,0.11523181818181817,0.24686342449062734,22,0.0,1
Ryan,Ty,1,0.11437999999999997,0.295596917439949,5,0.0,1
Financial Guy,Ryan,1,0.14002142857142857,0.22007294627844076,14,0.0,1
Kelly,VRG 1,1,0.038759999999999996,0.20984947557713834,5,0.0,1
Kelly,VRG 2,1,0.105025,0.18190863606492133,4,0.0,1
VRG 1,Vance Refrigeration Guy 2,1,-0.04526,0.09052,5,0.0,1
VRG 2,Vance Refrigeration Guy 2,1,0.0,0.0,4,0.0,1
Erin,Vance Refrigeration Guy 2,1,-0.27115,0.27115,2,0.0,1
Kelly,Vance Refrigeration Guy 2,1,0.21005,0.21005,2,0.0,1
VRG 1,Vance Refrigeration Guy 1,1,-0.04526,0.09052,5,0.0,1
VRG 2,Vance Refrigeration Guy 1,1,0.0,0.0,4,0.0,1
Erin,Vance Refrigeration Guy 1,1,-0.27115,0.27115,2,0.0,1
Kelly,Vance Refrigeration Guy 1,1,0.21005,0.21005,2,0.0,1
Vance Refrigeration Guy 1,Vance Refrigeration Guy 2,1,0.0,0.0,2,0.0,1
Crowd,Stanley,1,0.0,0.0,2,0.0,1
Dwight,Master,1,0.07871428571428571,0.15825998888421752,7,0.0,1
Ira,Kevin,1,0.20547500000000002,0.3391901043294159,8,0.0,1
Dwight,Ira,1,0.10848235294117646,0.31985292067613186,17,0.0,1
Hank the Security Guard,Michael,1,0.14308333333333334,0.20419642844302857,6,0.0,1
Children,Kid,1,0.104975,0.1818220335245429,4,0.0,1
Children,Michael,1,0.53592,0.3041257069042339,5,0.0,1
Angela,Devon,1,-0.14596666666666666,0.5173228671621706,3,0.0,1
Kendall,Toby,1,0.4075000000000001,0.23829868862417186,4,0.0,1
Phyllis,Rolph,1,0.1961,0.33965516336425683,4,0.0,1
Meredith,Rolph,1,0.4009333333333333,0.3204680465957392,3,0.0,1
Dwight,Phylis,1,-0.11623333333333334,0.26018988365337253,3,0.0,1
Phylis,Phyllis,1,0.2202,0.2202,2,0.0,1
VRG 1,VRG 2,1,-0.03232857142857143,0.07918850411311902,7,0.0,1
Erin,VRG 1,1,-0.15372,0.21314398326014272,5,0.0,1
Erin,VRG 2,1,-0.135575,0.23482278823615055,4,0.0,1
Man from Buffalo,Michael,1,0.06686666666666667,0.34929293659556815,6,0.0,1
Holly,Woman from Buffalo,1,0.013733333333333328,0.2669237323448196,6,0.0,1
Holly,Man from Buffalo,1,-0.002671428571428563,0.36549893380452547,7,0.0,1
Both,Holly,1,0.06900000000000002,0.4608965475027992,8,0.0,1
David,Rolph,1,0.024166666666666652,0.5720719787656873,3,0.0,1
Charles,Toby,1,0.3317666666666667,0.23688520895619936,3,0.0,1
Rolph,Toby,1,0.057550000000000004,0.5279885155001006,4,0.0,1
Charles,Kendall,1,0.5165000000000001,0.06036461435863456,3,0.0,1
Kendall,Rolph,1,0.1961,0.5672768063300315,4,0.0,1
David,Kendall,1,0.49076666666666674,0.08949846677768039,3,0.0,1
Dwight,Kendall,1,0.4621,0.12646219461430624,3,0.0,1
Dwight,Female Intern,1,0.20768333333333333,0.32026110397958446,6,0.0,1
Female Intern,Female intern,1,0.0,0.0,3,0.0,1
Andy & Michael,Michael & Dwight,1,0.3744,0.3744,2,0.0,1
Andy,Michael & Dwight,1,0.0851,0.2760556310394183,7,0.0,1
Andy & Michael,Jim,1,0.4201,0.4201,2,0.0,1
Jim,Michael & Dwight,1,0.7945,0.04569999999999996,2,0.0,1
Andy & Michael,Dwight & Andy,1,0.0,0.0,2,0.0,1
Dwight & Andy,Michael,1,0.056575,0.09799077443820924,4,0.0,1
Andy,Dwight & Andy,1,-0.021871428571428573,0.053573839945729236,7,0.0,1
Dwight,Dwight & Andy,1,0.09981428571428572,0.1709775292551746,7,0.0,1
Dwight & Andy,Michael & Dwight,1,0.3744,0.3744,2,0.0,1
Dwight & Andy,Jim,1,0.4201,0.4201,2,0.0,1
David,Woman from Buffalo,1,0.18251999999999996,0.18482706944600943,5,0.0,1
Michael,Woman from Buffalo,1,0.10046,0.20092000000000002,5,0.0,1
David,Man from Buffalo,1,0.13525,0.34980293380702226,6,0.0,1
Man from Buffalo,Woman from Buffalo,1,0.1807,0.41180167071054974,5,0.0,1
Dwight,Gwenneth,1,-0.04780000000000001,0.26457559096283495,6,0.0,1
Gwenneth,Toby,1,-0.04437500000000001,0.31282472228869634,4,0.0,1
Eric,Megan,1,0.0,0.0,6,0.0,1
Maurie,Megan,1,0.12223999999999999,0.15378709438701288,5,0.0,1
Eric,Phyllis,1,0.0,0.0,2,0.0,1
Eric,Jim,1,-0.21075,0.21075,2,0.0,1
Eric,Meredith,1,0.0,0.0,2,0.0,1
Dwight,Female intern,1,0.24922,0.33575116023626783,5,0.0,1
Oscar,Penny,1,-0.029349999999999998,0.37285582334194545,8,0.0,1
Kids,Little Girl,1,-0.02855,0.02855,2,0.0,1
Jim,Mr. Beesly,1,-0.0030999999999999917,0.25980952638423405,4,0.0,1
Jim,Mr. Halpert,1,0.05783333333333333,0.2907168343556626,9,0.0,1
Michael,Mr. Halpert,1,0.2070181818181818,0.257821473885893,11,0.0,1
Mr. Halpert,Pam,1,0.02433333333333333,0.20412815963397984,6,0.0,1
Dwight,Front Desk Clerk,1,-0.025519047619047615,0.3011370066598347,21,0.0,1
Front Desk Clerk,Michael,1,0.09156190476190477,0.32653714216826774,21,0.0,1
Front Desk Clerk,Jim,1,0.13614285714285712,0.33934908220273224,7,0.0,1
Andy,Front Desk Clerk,1,0.10954,0.2594088633798005,5,0.0,1
Front Desk Clerk,Pam,1,0.16387142857142858,0.28479649232533805,7,0.0,1
David,Michael ,1,0.15968571428571426,0.13908861952594342,7,0.0,1
Darryl,Gwenneth,1,-0.13044285714285714,0.30504435676117125,7,0.0,1
Hotel Employee,Hotel Manager,1,0.170875,0.34400315678057375,8,0.0,1
Michael,Pete,1,0.13884,0.46637868561931517,15,0.0,1
Everyone,Tom,1,0.4176,0.33938800803799773,3,0.0,1
Dwight,Tom,1,0.34208000000000005,0.3140146709948438,5,0.0,1
Mema,Pete,1,-0.07224,0.14448,5,0.0,1
Everyone,Mema,1,0.0,0.0,3,0.0,1
Dwight,Mema,1,0.09152,0.18304,5,0.0,1
Jim,Mema,1,0.2487818181818182,0.36080839492899786,11,0.0,1
Mema,Tom,1,0.31320000000000003,0.3450887494543976,4,0.0,1
Kevin,Penny,1,0.13126,0.23026060974469775,10,0.0,1
Pam's mom,Tom Halpert,1,-0.01712,0.24601130380533331,5,0.0,1
Pam's mom,Pete Halpert,1,-0.002300000000000002,0.25336877471385455,5,0.0,1
Pam's mom,Tom and Pete,1,0.05891999999999999,0.3130400511116749,5,0.0,1
Michel,Tom,1,0.148,0.148,2,0.0,1
Tom,Tom Halpert,1,0.0386,0.0386,2,0.0,1
Pete Halpert,Tom,1,0.07565,0.07565,2,0.0,1
Tom,Tom and Pete,1,0.2287,0.2287,2,0.0,1
Pam's mom,Tom,1,-0.03256,0.24199697188188118,5,0.0,1
Pam's mom,Penny,1,0.1909666666666667,0.3838578758979538,6,0.0,1
Isabel,Pam's mom,1,0.27442,0.3674635894888091,5,0.0,1
Isabel,Penny,1,-0.07543333333333334,0.10667884305501046,3,0.0,1
Pam,Pam's mom,1,0.34294,0.34967996854266614,10,0.0,1
Hotel Employee,Kevin,1,0.18426363636363635,0.3096566464290504,11,0.0,1
Hotel Manager,Kevin,1,0.04682727272727272,0.31145264951925195,11,0.0,1
Michael,Penny,1,0.04466666666666667,0.2012633984497816,6,0.0,1
Pam,Pam's dad,1,0.31245,0.31245,2,0.0,1
Michael,Pam's dad,1,0.4678,0.4678,2,0.0,1
Jim,Pam's dad,1,0.29936666666666667,0.2557844448402252,3,0.0,1
Pam's dad,Ryan,1,0.0,0.0,2,0.0,1
Michel,Tom Halpert,1,0.1866,0.10939999999999998,2,0.0,1
Michel,Pete Halpert,1,0.22365,0.07235,2,0.0,1
Pete Halpert,Tom Halpert,1,0.11424999999999999,0.03704999999999999,2,0.0,1
Michael,Tom Halpert,1,0.23280000000000003,0.4210777261130912,7,0.0,1
Michael,Pete Halpert,1,0.2433857142857143,0.41795277391649144,7,0.0,1
Michel,Tom and Pete,1,0.3767,0.0807,2,0.0,1
Tom Halpert,Tom and Pete,1,0.2673,0.1901,2,0.0,1
Pete Halpert,Tom and Pete,1,0.30435,0.15305,2,0.0,1
Michael,Tom and Pete,1,0.2871142857142857,0.42202380917455834,7,0.0,1
Michel,Pam's mom,1,0.026639999999999997,0.2764709720748274,5,0.0,1
Andy,Kid,1,0.205425,0.4362602513122184,4,0.0,1
Kid,Woman,1,-0.27115,0.27115,2,0.0,1
Grotti,Woman,1,-0.009387500000000014,0.36872445822558336,8,0.0,1
Credit card rep,Kevin,1,-0.019444444444444448,0.3499786949423925,9,0.0,1
Kevin,Rep,1,0.09221428571428571,0.3567976434442175,14,0.0,1
Credit card rep,Rep,1,0.3185142857142857,0.23204892605145291,7,0.0,1
Andy and Dwight,Phyllis,1,0.26335,0.26335,2,0.0,1
Andy and Dwight,Michael,1,0.28929999999999995,0.25968828750381995,6,0.0,1
Andy and Dwight,Oscar,1,0.05212499999999999,0.30323096292265406,4,0.0,1
Andy and Dwight,Ryan,1,0.16696666666666662,0.2545878542970099,3,0.0,1
Erin,Grotti,1,0.2828,0.2963331908511094,4,0.0,1
Jim,Kids,1,0.515,0.1555,2,0.0,1
Kids,Meredith,1,0.17975,0.17975,2,0.0,1
Kevin,Various,1,0.09147999999999999,0.18295999999999998,5,0.0,1
Phyllis,Various,1,0.10163333333333335,0.5591611117458803,3,0.0,1
Pam,Various,1,0.06674999999999999,0.4491379251781499,12,0.0,1
Michael,Various,1,0.1948809523809524,0.35628879487218507,21,0.0,1
Dwight,Various,1,0.18076666666666666,0.2556426716249765,3,0.0,1
Angela,Various,1,0.24896000000000001,0.3390045285833215,5,0.0,1
Jim,Various,1,0.47125,0.25049928642612934,6,0.0,1
Meredith,Various,1,0.0,0.0,2,0.0,1
Creed,Various,1,-0.17,0.17,2,0.0,1
Ryan,Various,1,0.0,0.0,2,0.0,1
Oscar,Various,1,-0.074,0.1281717597600969,4,0.0,1
Dwight and Andy,Grotti,1,0.1395714285714286,0.3352635880458654,7,0.0,1
Dwight and Andy,Michael,1,-0.2626857142857143,0.23737788095639184,14,0.0,1
Helene,Kelly,1,0.29112499999999997,0.3125284737027972,4,0.0,1
Creed,Helene,1,0.244725,0.24939712683790086,4,0.0,1
Helene,Ryan,1,0.305075,0.2098210353491756,4,0.0,1
Customer,Pam,1,0.3236125,0.3490316978352396,8,0.0,1
Andy,Secretary,1,0.42639999999999995,0.06967836823577316,4,0.0,1
Darryl,Kids,1,0.024128571428571412,0.5020135732777572,7,0.0,1
Angela,Kids,1,0.17975,0.17975,2,0.0,1
Kelly,Kids,1,0.17975,0.17975,2,0.0,1
Jim & Pam,Michael,1,0.028214285714285723,0.3717341001636651,7,0.0,1
Andy,Jim & Pam,1,-0.42535,0.08414999999999997,2,0.0,1
Dwight,Jim & Pam,1,-0.11373333333333334,0.1608432224939,3,0.0,1
Limo Driver,Ryan,1,0.0,0.0,3,0.0,1
Jim & Pam,Ryan,1,-0.1706,0.1706,2,0.0,1
Limo Driver,Oscar,1,-0.16743333333333332,0.2367864907933352,3,0.0,1
Jim & Pam,Oscar,1,-0.42174999999999996,0.08054999999999998,2,0.0,1
Phyllis,Voice on CD player,1,-0.04189999999999999,0.452,2,0.0,1
Stanley,Voice on CD player,1,-0.07100000000000001,0.17048554190898418,4,0.0,1
David Wallace's Secretary,Michael,1,0.240375,0.3191332979728064,4,0.0,1
Helene,Michel,1,0.24425000000000002,0.38634114135049086,8,0.0,1
Michel,Pam,1,0.19922,0.3431974265637783,5,0.0,1
Jim,Michel,1,0.044939999999999994,0.30451477205547844,5,0.0,1
Hostess,Pam,1,0.6275999999999999,0.1688,2,0.0,1
Michael,Security,1,0.07636,0.15271999999999997,5,0.0,1
Alan,Security,1,0.18076666666666666,0.2556426716249765,3,0.0,1
Dwight,Registrar,1,0.21045,0.10774999999999998,2,0.0,1
David,Laurie,1,0.17001666666666668,0.24044008551450446,6,0.0,1
Alan,Laurie,1,0.21075,0.21075,2,0.0,1
Andy,Laurie,1,0.08768000000000001,0.1399902625185052,5,0.0,1
Dwight,Laurie,1,0.22960000000000003,0.2743634961141879,5,0.0,1
Erin,Limo Driver,1,0.12040000000000001,0.17027131290972067,3,0.0,1
Limo Driver,Michael,1,0.06733750000000001,0.32019210225074257,8,0.0,1
Andy,Limo Driver,1,-0.1698333333333333,0.24018060334303062,3,0.0,1
Dwight,Limo Driver,1,0.0,0.0,4,0.0,1
Erin,Jim & Pam,1,0.010000000000000009,0.3512,2,0.0,1
Jim & Pam,Limo Driver,1,-0.11373333333333334,0.1608432224939,3,0.0,1
David,Second Shareholder,1,-0.27065,0.27065,2,0.0,1
Alan,Second Shareholder,1,0.3975,0.3975,2,0.0,1
Michael,Second Shareholder,1,0.4459666666666667,0.3833887525157142,3,0.0,1
David,Shareholder,1,-0.534,0.007300000000000029,2,0.0,1
Second Shareholder,Shareholder,1,-0.26335,0.26335,2,0.0,1
Alan,Shareholder,1,0.13415000000000005,0.6608499999999999,2,0.0,1
Michael,Shareholder,1,0.27040000000000003,0.6043409688798754,3,0.0,1
David,Female Shareholder,1,-0.27065,0.27065,2,0.0,1
Female Shareholder,Second Shareholder,1,0.0,0.0,2,0.0,1
Alan,Female Shareholder,1,0.3975,0.3975,2,0.0,1
Female Shareholder,Michael,1,0.4459666666666667,0.3833887525157142,3,0.0,1
Female Shareholder,Shareholder,1,-0.26335,0.26335,2,0.0,1
Dwight,Woman in line,1,-0.018049999999999993,0.28274220148396667,6,0.0,1
Man in line,Woman in line,1,0.22232500000000002,0.19585368741741882,4,0.0,1
Dwight,Man in line,1,-0.0903,0.27402169622130285,4,0.0,1
Lefevre,Teacher,1,0.81645,0.08255000000000001,2,0.0,1
Lefevre,Students,1,0.8051666666666666,0.1067090853155854,3,0.0,1
Mikela,Students,1,0.24695,0.24695,2,0.0,1
Erin,Mikela,1,0.2109888888888889,0.2240202344255955,9,0.0,1
O'Keefe,Oscar,1,0.18774000000000002,0.2721926641186349,10,0.0,1
David,O'Keefe,1,0.062429999999999986,0.3322516367153065,10,0.0,1
Alan,O'Keefe,1,-0.028959999999999986,0.3676282121926988,5,0.0,1
Fourth Shareholder,Michael,1,0.09356666666666665,0.5081448240632017,3,0.0,1
Fourth Shareholder,Third Shareholder,1,0.0,0.0,2,0.0,1
Michael,Third Shareholder,1,0.09356666666666665,0.5081448240632017,3,0.0,1
Alan,Fourth Shareholder,1,0.0,0.0,2,0.0,1
Alan,Third Shareholder,1,0.0,0.0,2,0.0,1
Michael,Office,1,0.15863846153846156,0.2827063699275861,13,0.0,1
Jim,Office,1,0.1671777777777778,0.2435256262024265,9,0.0,1
Office,Ryan,1,0.044700000000000004,0.08940000000000001,5,0.0,1
Erin,Michael and Erin,1,0.14145555555555556,0.42212157309137355,9,0.0,1
Michael,Michael and Erin,1,0.26193333333333335,0.3811929170380793,9,0.0,1
Deliveryman,Kevin,1,0.0,0.0,2,0.0,1
Deliveryman,Dwight,1,0.0,0.0,2,0.0,1
Angela,Deliveryman,1,0.0,0.0,2,0.0,1
Deliveryman,Kelly,1,0.0,0.0,2,0.0,1
Deliveryman,Jim,1,0.23816666666666664,0.25953027226553405,3,0.0,1
Lefevre,Mikela,1,-0.1909,0.1909,2,0.0,1
Teacher,Zion,1,0.2752333333333334,0.24713821144362835,3,0.0,1
Michael,Zion,1,0.44705,0.45354088294221057,4,0.0,1
Students,Teacher,1,0.8602,0.09797999795876705,3,0.0,1
Andy,Eric,1,0.2083,0.29458068504231566,3,0.0,1
Computron,Pam,1,0.23876666666666665,0.2439376741893078,6,0.0,1
Andy,Computron,1,0.41150000000000003,0.22042205878722754,5,0.0,1
Erin,Stephanie,1,0.1977,0.12049999999999998,2,0.0,1
David,Stephanie,1,0.02440000000000001,0.3456473163106105,11,0.0,1
Kelly and Erin,Matt,1,0.0,0.0,3,0.0,1
Matt,Pam,1,0.2617625,0.29345207844510146,8,0.0,1
Pam's Mom,Roy,1,0.20001111111111114,0.23510688795829038,18,0.0,1
Albiny,Jan,1,0.15549999999999997,0.25405938938235156,6,0.0,1
Roy,Stanley,1,0.023360000000000002,0.3511080665550138,5,0.0,1
Roy,Song,1,-0.2686555555555556,0.24425597279680505,9,0.0,1
Pam,Song,1,-0.1300090909090909,0.2728385951588676,11,0.0,1
Dwight,Song,1,0.01522857142857144,0.3546192493940738,14,0.0,1
Jim,Song,1,-0.08573333333333334,0.242640366706687,15,0.0,1
Kevin,song,1,-0.11333333333333334,0.1602775370689508,3,0.0,1
Jim,song,1,0.10446,0.12982159450569075,5,0.0,1
Stanley,song,1,0.11315,0.11315,2,0.0,1
Oscar,song,1,0.0,0.0,2,0.0,1
Christian Slater,Jo Bennett,1,0.7056,0.18520000000000003,2,0.0,1
Andy & Erin,Michael,1,0.26564,0.3195816646805633,10,0.0,1
Andy & Erin,Gabe,1,0.54884,0.3143087310273133,5,0.0,1
Andy & Erin,Jim,1,0.5317500000000001,0.3513117169978821,4,0.0,1
Eric,Kevin,1,0.4352666666666667,0.15317983621293704,3,0.0,1
Angela,Eric,1,0.5449,0.1302553645728267,3,0.0,1
Fake Stanley,Michael,1,0.0,0.0,2,0.0,1
Hotel Employee,Michael and Dwight,1,0.21786,0.2013482912765837,10,0.0,1
David,Teddy,1,-0.11489230769230765,0.46050956970184914,13,0.0,1
Both,Teddy,1,-0.40961428571428576,0.2968460035033626,7,0.0,1
All,Everyone,1,0.32985,0.32985,2,0.0,1
David,Mrs. Wallace,1,0.2601555555555556,0.25916971321300947,9,0.0,1
Michael,Mrs. Wallace,1,0.2495777777777778,0.33860558759509163,9,0.0,1
David,Teddy Wallace,1,0.16135714285714284,0.23309042302531963,7,0.0,1
Michael,Teddy Wallace,1,0.295075,0.31175789384552877,8,0.0,1
Darryl,Man in Video,1,0.09767999999999999,0.4886981047640762,5,0.0,1
Actor,Redheaded Actress,1,0.12040000000000001,0.17027131290972064,3,0.0,1
Actor,Roy,1,0.18738333333333335,0.187873808859978,6,0.0,1
Actor,Warehouse guy,1,0.12040000000000001,0.17027131290972067,3,0.0,1
"Dwight, Jim and Michael",Oscar,1,0.0,0.0,2,0.0,1
Nick,Ryan,1,-0.13328571428571429,0.34394949142724607,7,0.0,1
Dwight,Hotel Employee,1,0.15423333333333333,0.20041225400547633,15,0.0,1
Hotel Employee,Michael,1,0.19022000000000003,0.23226080513078395,20,0.0,1
Doctor,Jim,1,0.2873833333333333,0.26322947793808266,6,0.0,1
Hospital employee,Michael,1,0.1786,0.16546041218370033,5,0.0,1
Dwight,Policeman,1,-0.18694999999999998,0.2644621192155882,4,0.0,1
"Dwight, Jim and Michael",Erin,1,0.0,0.0,3,0.0,1
"Dwight, Jim and Michael",Phyllis,1,0.36725,0.36725,2,0.0,1
"Dwight, Jim and Michael",Nick,1,0.36725,0.36725,2,0.0,1
"Dwight, Jim and Michael",Pam,1,0.0,0.0,2,0.0,1
"Dwight, Jim and Michael",Michael,1,0.30805,0.37762318188903604,8,0.0,1
Dwight,"Dwight, Jim and Michael",1,-0.104975,0.1818220335245429,4,0.0,1
"Dwight, Jim and Michael",Jim,1,0.17156,0.14550372641276235,5,0.0,1
"Dwight, Jim and Michael",Meredith,1,0.0,0.0,2,0.0,1
Meredith,Nick,1,0.36725,0.36725,2,0.0,1
Creed,"Dwight, Jim and Michael",1,0.2781,0.2781,2,0.0,1
Isabelle,Jim,1,0.25526666666666664,0.26190954969649777,12,0.0,1
Clark,Hospital employee,1,0.41270666666666667,0.2898211137159533,15,0.0,1
Dale,Kathy,1,-0.07565,0.07565,2,0.0,1
Dale,Pam,1,-0.07565,0.07565,2,0.0,1
Dale,Nurse,1,-0.07565,0.07565,2,0.0,1
Dale,Jim,1,0.294725,0.37423746722502277,4,0.0,1
(Pam's mom) Heleen,Jim,1,0.156225,0.2705896374124479,4,0.0,1
(Pam's mom) Heleen,Pam,1,0.2787,0.2787,2,0.0,1
(Pam's mom) Heleen,Helene,1,0.09866666666666667,0.13953573815414536,3,0.0,1
Doctor,Pam,1,0.11315,0.11315,4,0.0,1
Doctor,Nurse,1,0.146875,0.15442479358898298,4,0.0,1
Jo,Meredith,1,0.2546333333333333,0.36010591343226916,3,0.0,1
Andy and Dwight,D,1,0.11854,0.23708,5,0.0,1
D,Dwight,1,-0.07722857142857144,0.3194884246250367,7,0.0,1
Andy,D,1,0.0,0.0,2,0.0,1
D,Jim,1,0.22230769230769232,0.3014049192124173,13,0.0,1
Andy and Dwight,Jim,1,0.21766875000000002,0.29756003536839004,16,0.0,1
Daryl,Jo,1,0.2588954545454546,0.2689914166884626,22,0.0,1
Dwight,Isabelle,1,0.20613076923076923,0.2801217520585136,13,0.0,1
Isabelle,Kathy,1,0.2434,0.2590969702640307,4,0.0,1
Isabelle,Pam,1,-0.03348749999999999,0.3231396735062874,8,0.0,1
Isabelle,Nurse,1,0.2231375,0.24186098764321212,8,0.0,1
Bouncer,Jim,1,-0.057075,0.29984374576602396,4,0.0,1
Hide,Oscar,1,0.401,0.401,2,0.0,1
Isabel,Julie,1,0.08808,0.17616,5,0.0,1
Matt,Warehouse Guy,1,-0.1341,0.18964603871423202,3,0.0,1
Oscar,Warehouse Guy,1,0.11383999999999998,0.13961125456065496,5,0.0,1
Michael,Miichael,1,0.012450000000000008,0.32035790271715375,6,0.0,1
Gabe,Miichael,1,0.27837500000000004,0.27129726661910913,8,0.0,1
Andy,Reid,1,0.22719285714285714,0.30250793959896016,14,0.0,1
Erin,Reid,1,0.17961818181818182,0.26117137117985756,11,0.0,1
Warehouse guy 1,Warehouse guy 2,1,0.0,0.0,4,0.0,1
Daryl,Warehouse guy 2,1,0.1276,0.13082079345425177,4,0.0,1
Daryl,Warehouse guy 1,1,0.08506666666666667,0.12258693060663342,6,0.0,1
Cookie Monster,Dwight,1,0.22711428571428574,0.3044669741816786,7,0.0,1
Andy,Cookie Monster,1,0.21527500000000002,0.2690582778414372,4,0.0,1
Angela,Cookie Monster,1,0.165275,0.18852017630747112,4,0.0,1
Cookie Monster,Kelly,1,0.050575,0.08759846959279596,4,0.0,1
Cookie Monster,Ryan,1,0.10711666666666668,0.16634981631756882,6,0.0,1
Cookie Monster,Oscar,1,0.2211,0.16835900134335952,6,0.0,1
Minister,Nellie,1,0.009450000000000014,0.43095,2,0.0,1
Darryl,Matt,1,0.19784000000000002,0.34092235831637674,5,0.0,1
Andy,Girl at table,1,0.14567000000000002,0.18763891947034866,10,0.0,1
Erin,Girl at table,1,0.11282857142857143,0.13809438505483657,7,0.0,1
Stanley,Woman,1,0.0,0.0,2,0.0,1
Bar Manager,Pam,1,0.0862909090909091,0.20940565441070008,11,0.0,1
Bar Manager,Bouncer,1,0.0008571428571428659,0.24864723064237507,7,0.0,1
Bouncer,Michael,1,0.07421666666666667,0.30019835063208156,12,0.0,1
Bouncer,Pam,1,0.02323333333333334,0.2742537065484358,6,0.0,1
Bar Manager,Jim,1,0.06461111111111112,0.22231608850885387,9,0.0,1
Buyer,Pam,1,0.14848461538461538,0.24934219873700864,13,0.0,1
Angela,Donna,1,0.0,0.0,4,0.0,1
Buyer,Carol,1,0.025000000000000005,0.15516483708194542,3,0.0,1
Erin,Hayworth's waiter,1,0.13358571428571428,0.27953031999394695,14,0.0,1
Hayworth's waiter,Michael,1,0.21622631578947368,0.24940826146386286,19,0.0,1
Dwight.,Jim,1,0.0,0.0,2,0.0,1
Dwight,Dwight.,1,-0.21075,0.21075,2,0.0,1
Dwight.,Pam,1,0.14049999999999999,0.19869700551341987,3,0.0,1
Cookie Monster,Kevin,1,-0.05708333333333332,0.23028290149774955,6,0.0,1
Cookie Monster,Phyllis,1,0.04046,0.08092,5,0.0,1
Andy,Glen,1,-0.3275666666666667,0.23533075069404386,3,0.0,1
Donna,Kelly,1,0.09981,0.2089226385531257,10,0.0,1
Dwight,Old lady,1,0.135575,0.23482278823615055,4,0.0,1
Donna,Old lady,1,-0.29375,0.29375,2,0.0,1
Buyer,Carol Stills,1,0.0497,0.1287908640652227,3,0.0,1
Gabe,Hide,1,0.332,0.35681443356456305,3,0.0,1
Carol Stills,Pam,1,0.13556666666666664,0.26284629010549543,12,0.0,1
Hide,Kelly,1,0.16572,0.43205652130247957,5,0.0,1
Donna,Kevin,1,0.29133333333333333,0.29343131602169226,12,0.0,1
Kevin,Mihael,1,0.15855,0.15925045525837594,4,0.0,1
Mihael,Pam,1,0.0,0.0,4,0.0,1
Michael,Mihael,1,0.23641428571428572,0.2524884236586554,7,0.0,1
Andy,Mihael,1,0.09106666666666667,0.12878771508010986,3,0.0,1
Jim,Mihael,1,-0.04626,0.22356632662366666,5,0.0,1
Mihael,Oscar,1,0.0,0.0,2,0.0,1
Carol,Carol Stills,1,-0.11424999999999999,0.03704999999999999,2,0.0,1
Realtor,Toby,1,0.31245,0.31245,2,0.0,1
Buyer,Jim,1,0.14786666666666667,0.19245005123985348,15,0.0,1
Kevin,Nick,1,-0.019950000000000006,0.34763209359896563,6,0.0,1
Carol Stills,Jim,1,0.13675,0.20291868093260554,14,0.0,1
Pete,Val,1,0.30494,0.30587442913718693,5,0.0,1
Toby,Val,1,0.32305,0.3470077316621826,6,0.0,1
Kevin,Ravi,1,0.13696666666666668,0.3346850144372898,6,0.0,1
Dwight,Dwight and Angela,1,0.0,0.0,2,0.0,1
Angela,Dwight and Angela,1,0.0,0.0,2,0.0,1
Phyllis,Woman,1,0.1591,0.1591,2,0.0,1
Dwight and Angela,Lawyer,1,0.0,0.0,3,0.0,1
Roy,Warehouse Guy,1,0.08877142857142857,0.23514451309953274,7,0.0,1
Warehouse Guy,Warehouse guy,1,0.0,0.0,2,0.0,1
Jan,Michel,1,0.09746666666666666,0.13783868187929768,3,0.0,1
Darryl,Warehouse Guy,1,0.10315,0.4378829780888953,6,0.0,1
Michael,Mr. O'Malley,1,0.4194333333333333,0.22341089697883781,3,0.0,1
Michel,Todd Packer,1,0.0,0.0,4,0.0,1
Redheaded Actress,Roy,1,0.15262,0.18736313831701262,5,0.0,1
Redheaded Actress,Warehouse guy,1,0.0,0.0,2,0.0,1
Michael,Redheaded Actress,1,-0.2084,0.2084,2,0.0,1
Darryl,Redheaded Actress,1,0.11821999999999999,0.4819562154387056,5,0.0,1
Man in Video,Redheaded Actress,1,-0.05135,0.05135,2,0.0,1
Man in Video,Roy,1,0.13208,0.2075141961408906,5,0.0,1
Man in Video,Warehouse guy,1,-0.05135,0.05135,2,0.0,1
Man in Video,Michael,1,-0.25975,0.15705,2,0.0,1
Dwight,Gym instructor,1,-0.1636166666666667,0.4662167465055521,6,0.0,1
Dwight,Gym Instructor,1,-0.15704,0.557342345780401,5,0.0,1
Gym Instructor,Gym instructor,1,0.35910000000000003,0.26629265855445583,3,0.0,1
Darryl,Glen,1,-0.18744,0.41788375704255365,5,0.0,1
Creed,Dakota,1,0.258475,0.267141679404394,4,0.0,1
Todd,Todd Packer,1,0.064,0.064,2,0.0,1
Packer,Todd Packer,1,0.14511428571428572,0.27748491041893447,7,0.0,1
All the Men,Michael,1,0.01159999999999998,0.5244998951382164,3,0.0,1
Luke,Phyllis,1,0.09038333333333333,0.202103277366356,6,0.0,1
Guy,Roy,1,-0.12462,0.2211827787147996,10,0.0,1
Darryl,Luke,1,0.074,0.12817175976009693,4,0.0,1
Group chant,Kevin,1,-0.1806,0.1806,2,0.0,1
Andy,Nick,1,0.04708888888888889,0.4232611918699964,9,0.0,1
Gabe,Nick,1,0.052975,0.44858887009710796,8,0.0,1
Nick,Stanley,1,0.052975,0.44858887009710796,8,0.0,1
Stanley,Window treatment guy,1,0.07955,0.1377846417421042,4,0.0,1
Group chant,Roy,1,-0.03067142857142857,0.11189314691495011,7,0.0,1
Both,Luke,1,-0.0803090909090909,0.2443229772045246,11,0.0,1
Angela,Luke,1,-0.08834,0.2548600368829919,10,0.0,1
Jim,Jim and Dwight,1,0.0,0.0,2,0.0,1
Both,Kelly,1,-0.11446666666666666,0.16188031243964027,3,0.0,1
Both,Jim,1,0.0,0.0,3,0.0,1
Jim and Dwight,Pam,1,0.0,0.0,3,0.0,1
Creed,Luke,1,-0.05118,0.28973584106906763,10,0.0,1
Both,Creed,1,0.12386666666666667,0.17517391992594736,3,0.0,1
Luke,Stanley,1,-0.03567,0.31500243506995307,10,0.0,1
Both,Stanley,1,0.17556666666666665,0.24828876110063638,3,0.0,1
Jim and Dwight,Michael,1,0.28825,0.30549196252383903,6,0.0,1
Erin,Luke,1,-0.19013333333333335,0.17236284080070416,3,0.0,1
Luke,Pam,1,-0.07655,0.07655,2,0.0,1
Michael,Speaker,1,0.41434,0.37342145947976796,5,0.0,1
Michael,Usher,1,0.09581999999999999,0.15593337551659683,5,0.0,1
Jim,Salesman,1,0.06071578947368421,0.3624031460638943,19,0.0,1
Dan,Jan,1,0.07152,0.15249045084856958,5,0.0,1
Andy,Salesman,1,0.03860000000000001,0.3447347175068758,11,0.0,1
Angel,Pam,1,0.5037,0.0822,2,0.0,1
Angel,Darryl,1,0.4869666666666667,0.36400284186924814,3,0.0,1
Andy,Angel,1,0.24762499999999998,0.21204765236851833,4,0.0,1
Angel,Dwight,1,0.32915714285714287,0.22947743030722684,7,0.0,1
Angel,Angela,1,0.47355,0.11234999999999998,2,0.0,1
Angel,Kelly,1,0.3297333333333333,0.24478390923878598,3,0.0,1
Angel,Jim,1,0.30879999999999996,0.22286573312198535,4,0.0,1
Angel,Ryan,1,0.39943333333333336,0.282649138607489,3,0.0,1
Angel,Stanley,1,0.13385,0.45204999999999995,2,0.0,1
Angel,Oscar,1,0.29295,0.29295,2,0.0,1
Erin,Window treatment guy,1,0.0,0.0,4,0.0,1
Pam,Window treatment guy,1,-0.10895999999999999,0.21791999999999997,5,0.0,1
Andy,Employees except Dwight,1,0.10142500000000002,0.3503913838481192,4,0.0,1
Dwight,Employees except Dwight,1,-0.11883750000000001,0.5537921562678095,8,0.0,1
Angela,Employees except Dwight,1,-0.2092,0.2092,2,0.0,1
Employees except Dwight,Kelly,1,-0.13946666666666666,0.19723565149896766,3,0.0,1
Employees except Dwight,Ryan,1,-0.2092,0.2092,2,0.0,1
Darryl,Sweeney Todd,1,0.10180769230769232,0.23941827724568135,13,0.0,1
Creed,Sweeney Todd,1,0.08491428571428572,0.18001659787420737,7,0.0,1
Pam,Sweeney Todd,1,0.29472,0.2594176239194246,10,0.0,1
Dan,David,1,0.1806,0.1806,2,0.0,1
Andy,Sweeney Todd,1,0.11113333333333333,0.3722780209586498,15,0.0,1
Jim,Sweeney Todd,1,0.30463999999999997,0.27239831937807546,10,0.0,1
Craig,Jan,1,0.09494444444444441,0.40936225226594464,9,0.0,1
Kelly,Usher,1,-0.21075,0.21075,2,0.0,1
Stanley,Usher,1,0.2086,0.13140000000000002,2,0.0,1
Phyllis,Usher,1,0.3629,0.2857,2,0.0,1
Craig,Dan,1,0.20321666666666668,0.49339532296346533,6,0.0,1
Craig,David,1,0.14301666666666665,0.4924814223794527,6,0.0,1
Dwight,Old Woman,1,0.0,0.0,5,0.0,1
Dwight,Helene,1,0.0,0.0,3,0.0,1
Helene,Old Woman,1,0.0,0.0,4,0.0,1
Angela,Delivery man,1,0.0,0.0,2,0.0,1
Darryl,Jim and Pam,1,0.491,0.07110000000000002,2,0.0,1
Delivery man,Oscar,1,0.0,0.0,2,0.0,1
Jim and Pam,Kelly,1,0.39055,0.029349999999999987,2,0.0,1
Creed,Jim and Pam,1,0.24783333333333335,0.2844494253036127,3,0.0,1
Astrid,Jan,1,-0.07903,0.2764448699108016,10,0.0,1
Astrid,Michael,1,0.11776249999999999,0.21781827252035124,8,0.0,1
Erin,Michel,1,0.51475,0.010749999999999982,2,0.0,1
Employees except Dwight,Phyllis,1,-0.061200000000000004,0.35719999999999996,2,0.0,1
Employees except Dwight,Pam,1,0.1566,0.3386403106542397,4,0.0,1
Michael,The Kids,1,-0.03361111111111111,0.3674369891391643,9,0.0,1
Dwight,The Kids,1,0.0781625,0.3917480693554852,8,0.0,1
Darryl,Darryl and Andy,1,0.1991,0.30844439369195864,5,0.0,1
Andy,Darryl and Andy,1,0.4388875,0.27522483734893916,8,0.0,1
Darryl and Andy,Kevin,1,0.4329,0.32881150628691,3,0.0,1
Sasha,The Kids,1,0.0,0.0,2,0.0,1
Dwight,Steve,1,0.20638571428571426,0.20505224719966533,7,0.0,1
Michael,Steve,1,0.18389999999999998,0.33448263985390386,11,0.0,1
Danny,Receptionist,1,0.26504,0.2573236530130878,5,0.0,1
Jake,The Kids,1,0.0,0.0,2,0.0,1
Angela,Sasha,1,0.273175,0.29164615868377214,4,0.0,1
Carrol,Carroll,1,0.0013111111111111023,0.3082140361806474,9,0.0,1
Carrol,Dwight,1,-0.57925,0.06864999999999999,2,0.0,1
Carrol,Michael,1,0.0561,0.42018209147939656,10,0.0,1
Dwight,Female church member,1,0.78665,0.12695,2,0.0,1
Female church member,Pastor,1,0.51045,0.14924999999999997,2,0.0,1
Michael,Pastor,1,0.37005,0.22329166464514524,4,0.0,1
All,Pastor,1,0.37005,0.22329166464514524,4,0.0,1
Church congregation,Michael,1,0.2202,0.2202,2,0.0,1
Church congregation,Pastor,1,0.25995,0.265958883100377,4,0.0,1
All,Church congregation,1,0.2202,0.2202,2,0.0,1
Pastor,Ryan,1,0.25995,0.265958883100377,4,0.0,1
Church congregation,Ryan,1,0.0,0.0,2,0.0,1
Kelly,Sasha,1,0.212225,0.23366904346746492,4,0.0,1
Andy,Danny,1,0.13692307692307695,0.1827931245712829,13,0.0,1
Creed,Melissa,1,-0.045533333333333335,0.10181562857549044,6,0.0,1
Creed,Danny,1,0.25172,0.23709899535847892,5,0.0,1
Danny,Ryan,1,0.16514,0.23415206682837544,5,0.0,1
Abby,Creed,1,-0.04822,0.09644,5,0.0,1
Danny,Gabe,1,0.18802,0.24034685269418446,5,0.0,1
Creed,Jake,1,0.0,0.0,5,0.0,1
Doug [church member],Jim,1,0.14795,0.3533137875883136,6,0.0,1
Edward R. Meow,Jim,1,0.34845000000000004,0.27797304725458544,8,0.0,1
Jim,Miss Trudy,1,0.6373333333333333,0.12624236830618932,3,0.0,1
Female church member [to Michael],Male church member,1,0.4404,0.0,2,0.0,1
Female church member [to Michael],Michael,1,0.44040000000000007,5.551115123125783e-17,3,0.0,1
Jim,Sasha,1,0.2423,0.34266394616300094,3,0.0,1
Dwight,Female church member [to Michael],1,0.1468,0.20760655095637034,3,0.0,1
Dwight,Male church member,1,0.1468,0.20760655095637034,3,0.0,1
Female church member [to Michael],Kelly,1,0.2202,0.2202,2,0.0,1
Kelly,Male church member,1,0.2202,0.2202,2,0.0,1
Female church member [to Michael],Ryan,1,0.3509333333333333,0.2578910019540986,3,0.0,1
Male church member,Ryan,1,0.3509333333333333,0.2578910019540986,3,0.0,1
Chet,Jim,1,0.2926666666666667,0.31318444334857304,3,0.0,1
Melissa,Oscar,1,0.10606666666666666,0.1500009185157063,3,0.0,1
Dwight,Pastor,1,0.6374,0.27619999999999995,2,0.0,1
Oscar,Young Michael,1,0.16463333333333333,0.23282669281869056,3,0.0,1
Edward R. Meow,Oscar,1,0.2575875,0.25746290236410757,8,0.0,1
Jim,MeeMaw,1,0.15580000000000002,0.11033279959588928,3,0.0,1
Miss Trudy,Oscar,1,0.3950333333333333,0.2999195040154756,3,0.0,1
Abby,Oscar,1,0.0,0.0,2,0.0,1
Gabe,Guy,1,-0.07936666666666667,0.26831588763164127,3,0.0,1
Guy,Students,1,0.25379999999999997,0.18029655200992242,3,0.0,1
Jim,Mee-Maw,1,0.3615,0.020299999999999985,2,0.0,1
Oscar,Sasha,1,0.0,0.0,3,0.0,1
Girl,Phyllis,1,0.0,0.0,2,0.0,1
Girl,Stanley,1,0.0,0.0,2,0.0,1
Girl,Ryan,1,-0.014100000000000001,0.4356,2,0.0,1
Doug [church member],Pam,1,0.18821666666666667,0.2664611567481376,6,0.0,1
Angela,Doug [church member],1,0.0683,0.11829907015695432,4,0.0,1
Doug,Doug [church member],1,0.0,0.0,2,0.0,1
Chet,Oscar,1,0.05036666666666667,0.0712292230915249,3,0.0,1
Bus driver,Michael and Andy,1,-0.27454999999999996,0.3376559010294356,4,0.0,1
Bus driver,Michael,1,0.13029230769230768,0.38078645633142444,13,0.0,1
Andy,Bus driver,1,-0.08243999999999999,0.4372283915758445,10,0.0,1
Bus driver,Guy,1,-0.16116666666666665,0.2571400504696916,6,0.0,1
Helene,Phyllis,1,-0.21075,0.21075,2,0.0,1
Jake,Oscar,1,0.0,0.0,3,0.0,1
Doug,Kevin,1,-0.08510000000000001,0.19028938488523212,6,0.0,1
Doug,Phyllis,1,-0.0843,0.16859999999999997,5,0.0,1
Doug,Helene,1,0.0,0.0,5,0.0,1
Jim's Dad,Kevin,1,-0.0035333333333333514,0.41258328721470156,3,0.0,1
Jim's Dad,Phyllis,1,0.03925000000000001,0.46075,2,0.0,1
Helene,Jim's Dad,1,0.25,0.25,2,0.0,1
Jim's Dad,Pam,1,0.03270000000000001,0.3689244457428467,3,0.0,1
Angela,Jim's Dad,1,0.1,0.20000000000000004,5,0.0,1
Doug,Jim's Dad,1,0.1,0.20000000000000004,5,0.0,1
Jim,Jim's Dad,1,0.12788,0.29664702863841397,10,0.0,1
Carla,Girl,1,0.11315,0.11315,2,0.0,1
Another guy,Carla,1,0.11315,0.11315,2,0.0,1
Girl,Michael and Andy,1,-0.30515,0.30515,2,0.0,1
Another guy,Michael and Andy,1,-0.30515,0.30515,2,0.0,1
Carla,Michael and Andy,1,-0.19199999999999998,0.4183,2,0.0,1
Another guy,Michael,1,0.19833636363636362,0.3421677081430505,11,0.0,1
Michael,Michael and Andy,1,0.14285454545454546,0.41215189689688736,11,0.0,1
Andy,Another guy,1,-0.04206249999999999,0.44446673367503,8,0.0,1
Andy,Michael and Andy,1,-0.11834999999999998,0.48153034172313586,8,0.0,1
Girl,Guy,1,-0.11977499999999999,0.16590603326883563,4,0.0,1
Another guy,Guy,1,-0.11977499999999999,0.16590603326883563,4,0.0,1
Carla,Guy,1,-0.06319999999999999,0.22512117847950244,4,0.0,1
Guy,Michael and Andy,1,-0.27235,0.24660264090232284,4,0.0,1
Bus driver,Girl,1,-0.121975,0.28529771621062794,4,0.0,1
Another guy,Bus driver,1,-0.121975,0.28529771621062794,4,0.0,1
Bus driver,Carla,1,-0.0654,0.3237258871329261,4,0.0,1
Dwight,Meridith,1,0.0242,0.24469609723083038,7,0.0,1
Angela,Meridith,1,0.0,0.0,2,0.0,1
Abby,Ryan,1,-0.012300000000000005,0.17783895804912936,4,0.0,1
Jake,Ryan,1,0.056575,0.09799077443820925,4,0.0,1
Creed,Daryl,1,0.0,0.0,4,0.0,1
Kelly,TV,1,0.29295,0.29295,2,0.0,1
Chet,Sasha,1,0.037775,0.06542821925591434,4,0.0,1
Kevin,Reporter,1,0.2267,0.32060221458998067,3,0.0,1
Erin,Reporter,1,-0.131675,0.2280677900866319,4,0.0,1
Dwight,Reporter,1,0.1468,0.20760655095637034,3,0.0,1
Angela,Reporter,1,-0.07543333333333334,0.10667884305501046,3,0.0,1
Gabe,Reporter,1,0.1858,0.26276087988892105,3,0.0,1
Erin,Radio,1,0.18055,0.15959473414454084,6,0.0,1
Michael,Radio,1,0.237925,0.2452184880366894,4,0.0,1
Guy,Radio,1,0.19595,0.19595,2,0.0,1
Another guy,Girl,1,0.0,0.0,2,0.0,1
Kid,Kids,1,0.17975,0.17975,2,0.0,1
Dwight,Kid,1,0.12765,0.22109628558616717,4,0.0,1
Pam,Phyliss,1,0.1366,0.1366,2,0.0,1
Michael,Phyliss,1,0.09106666666666667,0.12878771508010986,3,0.0,1
Phyliss,Ryan,1,0.3294,0.25575160801058516,4,0.0,1
Angela,Guy,1,0.15618,0.23688784181548875,5,0.0,1
Robotic Voice,Ryan and Michael,1,0.0,0.0,2,0.0,1
Michael,Ryan and Michael,1,0.0,0.0,5,0.0,1
Chet,Pam,1,0.05036666666666667,0.0712292230915249,3,0.0,1
Ryan,Ryan and Michael,1,0.0,0.0,5,0.0,1
Robotic Voice,Ryan,1,0.0,0.0,5,0.0,1
Kevin,Meridith,1,0.1953,0.27619590873146543,3,0.0,1
Erin,Meridith,1,0.0,0.0,2,0.0,1
Meridith,Pam,1,0.0,0.0,4,0.0,1
Meridith,Michael,1,0.08892857142857144,0.26306129494465574,7,0.0,1
Andy,Meridith,1,0.0,0.0,2,0.0,1
Dwight,Passer-by,1,-0.010200000000000002,0.34128968424408695,14,0.0,1
Dwight & Nate,Passer-by,1,0.17379999999999998,0.1289480386305533,6,0.0,1
Nate,Passer-by,1,0.10428,0.18641165092343343,10,0.0,1
Chet,Michael,1,0.17032941176470587,0.3297107551720516,17,0.0,1
Chet,Darryl,1,0.05036666666666667,0.0712292230915249,3,0.0,1
Nate,Stanley,1,-0.014671428571428571,0.03593751379769034,7,0.0,1
Dwight,Young Michael,1,0.25112500000000004,0.25119440056458264,4,0.0,1
Creed,Meridith,1,0.22125,0.3832162411746141,4,0.0,1
Gabe,Meridith,1,-0.12453333333333333,0.17611672896752945,3,0.0,1
Dwight,Edward R. Meow,1,0.2857,0.25542985120946393,9,0.0,1
Dwight,Miss Trudy,1,0.423925,0.2645145872631602,4,0.0,1
Daryl,Micheal,1,0.07278333333333332,0.13128569884881683,6,0.0,1
Chet,Dwight,1,0.16542500000000002,0.20861558396965457,4,0.0,1
Jake,Young Michael,1,0.123475,0.21386497346456712,4,0.0,1
Edward R. Meow,Jake,1,0.22896666666666665,0.2558810748071151,9,0.0,1
Angela,Little Girl,1,0.0,0.0,5,0.0,1
Jake,Miss Trudy,1,0.29627499999999996,0.31100386954988196,4,0.0,1
Justine,Pam,1,0.2527142857142857,0.21051748776066379,7,0.0,1
Darryl,Jake,1,0.0,0.0,3,0.0,1
Andy,Justine,1,0.07085,0.14829223119682747,6,0.0,1
Bass Player,Pam,1,0.0,0.0,2,0.0,1
Bass Player,Michael,1,0.10124999999999999,0.3439615421816805,4,0.0,1
Chet,Jake,1,0.037775,0.06542821925591434,4,0.0,1
Erin,Nate,1,0.04724999999999999,0.0827527995498239,6,0.0,1
Jim,Melissa,1,0.34836666666666666,0.2975213419048941,3,0.0,1
Michael,Nate,1,0.24725454545454548,0.2981875656319704,11,0.0,1
Jim,Young Michael,1,0.40693333333333337,0.30306028369873134,3,0.0,1
Miss Trudy,Pam,1,0.3950333333333333,0.2999195040154756,3,0.0,1
Dwight,Pam ,1,0.20634285714285713,0.2549919206403151,7,0.0,1
Pam,Pam ,1,0.042550000000000004,0.2479052355908066,6,0.0,1
Dwight,Dwight & Nate,1,-0.11856,0.347935149704654,10,0.0,1
Dwight & Nate,Nate,1,0.0,0.17089567968012923,6,0.0,1
Bass Player,Jada,1,0.45175,0.09054999999999999,2,0.0,1
Jada,Robert,1,0.5759,0.21469999999999997,2,0.0,1
Pam,Sasha,1,0.0,0.0,3,0.0,1
Darrly,Jada,1,0.5423,0.0,4,0.0,1
Darrly,Meredith,1,0.45175,0.09054999999999999,2,0.0,1
Jada,Meredith,1,0.497025,0.07841860031268091,4,0.0,1
Creed,Jada,1,0.025733333333333334,0.03639242900506765,3,0.0,1
AJ,Erin,1,0.22368333333333332,0.29951221130735595,12,0.0,1
Michael,Young Michael,1,0.1904941176470588,0.3382891027275656,17,0.0,1
Edward R. Meow,Michael,1,0.2184181818181818,0.3254364490905931,22,0.0,1
Michael,Other Guy at Bar,1,0.3374333333333333,0.2445662873105958,3,0.0,1
Guy at bar,Other Guy at Bar,1,0.0,0.0,2,0.0,1
Guy at bar,Michael,1,0.3374333333333333,0.2445662873105958,3,0.0,1
Michael,Miss Trudy,1,0.23115294117647056,0.35546996748736326,17,0.0,1
Actor,Darryl,1,0.15871666666666664,0.44918599865633485,6,0.0,1
Actor,Man in Video,1,0.08616666666666667,0.19894609543514266,3,0.0,1
Darryl,Melissa,1,0.10606666666666666,0.1500009185157063,3,0.0,1
Darryl,Young Michael,1,0.16463333333333333,0.23282669281869056,3,0.0,1
Darryl,Edward R. Meow,1,0.2575875,0.25746290236410757,8,0.0,1
Darryl,Miss Trudy,1,0.3950333333333333,0.2999195040154756,3,0.0,1
Abby,Darryl,1,0.0,0.0,2,0.0,1
Darryl,Sasha,1,0.0,0.0,3,0.0,1
David,David Brent,1,0.06856923076923077,0.2617475600786005,13,0.0,1
David Brent,Michael,1,0.10183846153846154,0.2748917984014845,13,0.0,1
DJ,Darryl,1,0.012866666666666667,0.028770741310497297,6,0.0,1
DJ,Dwight,1,0.109175,0.14792174240117645,4,0.0,1
Chet,Melissa,1,0.117325,0.13136002769107502,4,0.0,1
Customer,Darryl,1,0.028742857142857133,0.29279810136554046,7,0.0,1
Bookstore employee,Darryl,1,0.2185,0.33851756970650726,4,0.0,1
Erin,Video Michael,1,0.24883333333333335,0.29418398249319344,9,0.0,1
Michael,Video Michael,1,0.270275,0.31157639011163857,16,0.0,1
Jim,Member,1,0.32278888888888896,0.27045474644853845,9,0.0,1
Dwight,Member,1,0.4529444444444445,0.29261977646811044,9,0.0,1
Man,Member,1,0.35555000000000003,0.25629504969858474,4,0.0,1
AJ,Kelly,1,0.16190000000000002,0.32237960371104263,9,0.0,1
Hank,Holly,1,-0.011039999999999984,0.39727265498647146,5,0.0,1
Kelly,Professor Powell,1,0.22692222222222222,0.2917888649835615,9,0.0,1
Kevin,Older Woman,1,0.2287,0.2287,2,0.0,1
Chet,Young Michael,1,0.16125,0.20171896911297163,4,0.0,1
Phyllis,"Phyllis, Stanley, Dwight",1,0.0,0.0,2,0.0,1
Dwight,"Phyllis, Stanley, Dwight",1,0.28102857142857146,0.3257980036520689,7,0.0,1
Older guy,Phyllis,1,-0.2294,0.2294,2,0.0,1
Older guy,"Phyllis, Stanley, Dwight",1,-0.2294,0.2294,2,0.0,1
Dwight,Older guy,1,0.21548571428571428,0.4108021019162092,7,0.0,1
Phyllis,Younger Guy,1,0.33885,0.21908511473854175,4,0.0,1
"Phyllis, Stanley, Dwight",Younger Guy,1,0.33885,0.21908511473854175,4,0.0,1
Dwight,Younger Guy,1,0.3691777777777777,0.28293896781138655,9,0.0,1
Older guy,Younger Guy,1,0.22415000000000002,0.40644648786771426,4,0.0,1
"Phyllis, Stanley, Dwight",Stanley,1,0.31245,0.31245,2,0.0,1
Older guy,Stanley,1,0.08305000000000001,0.5418499999999999,2,0.0,1
Stanley,Younger Guy,1,0.495075,0.12386830456174011,4,0.0,1
Darrly,Gabe,1,0.12353333333333334,0.09275272981906726,3,0.0,1
Darrly,Oscar,1,0.0,0.0,4,0.0,1
Attendant,Michael,1,-0.0679625,0.26046694577959406,8,0.0,1
Helen,Jim,1,0.20430909090909088,0.29143513999935955,11,0.0,1
Guy,Helen,1,0.2308,0.3295958788172773,6,0.0,1
Kevin,Ryan and Kelly,1,0.0,0.0,2,0.0,1
Erin,Ryan and Kelly,1,0.0,0.0,2,0.0,1
Phyllis,Ryan and Kelly,1,0.29295,0.29295,2,0.0,1
Pam,Ryan and Kelly,1,0.0,0.0,2,0.0,1
Andy,Ryan and Kelly,1,-0.047775,0.04950567517972056,4,0.0,1
Kelly,Ryan and Kelly,1,0.08011000000000001,0.29790117975597213,10,0.0,1
Meredith,Ryan and Kelly,1,0.39175,0.39175,2,0.0,1
Oscar,Ryan and Kelly,1,0.33525,0.33525,2,0.0,1
Ryan,Ryan and Kelly,1,-0.003171428571428571,0.28259360378104664,7,0.0,1
Kelly,Older Woman,1,-0.12726666666666667,0.17998224603801588,3,0.0,1
Michael,Older Woman,1,0.0,0.0,2,0.0,1
Cell Phone Sales Person,Dwight,1,0.1710625,0.29931090415110173,8,0.0,1
Cell Phone Sales Person,Holly,1,0.18500000000000003,0.2628823310913079,6,0.0,1
Cell Phone Sales Person,Dwight and Erin,1,0.1998,0.2825598697621444,3,0.0,1
Dwight and Erin,Holly,1,0.10212000000000002,0.20424000000000006,5,0.0,1
Hot Dog Guy,Michael,1,0.13772727272727273,0.2891068191734017,11,0.0,1
Office,Pam,1,0.029524999999999996,0.17013047015452584,4,0.0,1
Darryl,Office,1,-0.17556666666666665,0.24828876110063636,3,0.0,1
Gabe,Office,1,0.10602857142857144,0.436663655179936,7,0.0,1
Meredith,Office,1,0.0,0.0,2,0.0,1
Office,Oscar,1,0.13641999999999999,0.34348418537102987,5,0.0,1
Attendant,Dwight,1,-0.07360000000000001,0.296049833642919,5,0.0,1
Attendant,Erin,1,0.09866666666666667,0.13953573815414536,3,0.0,1
Attendant,Holly,1,0.074,0.12817175976009693,4,0.0,1
Darrly,Kevin,1,0.0,0.0,3,0.0,1
Darrly,Darryl,1,0.0193,0.03342858058607934,4,0.0,1
Andy,Darrly,1,0.10953333333333333,0.1560428003964155,6,0.0,1
Erin,Hank,1,0.54495,0.1907773243863117,4,0.0,1
Andy and Erin,Erin,1,-0.0386,0.0386,2,0.0,1
Andy and Erin,Pam,1,-0.10192000000000001,0.37004565339968526,5,0.0,1
Andy,Andy and Erin,1,-0.148,0.148,2,0.0,1
Andy and Erin,Jim,1,0.18822,0.26214301745421337,5,0.0,1
Andy and Erin,Jim and Pam,1,0.0,0.0,2,0.0,1
Andy and Erin,Ryan,1,0.0044399999999999995,0.19430320223815148,5,0.0,1
Jim and Pam,Ryan,1,0.0044399999999999995,0.19430320223815148,5,0.0,1
Boom Box,Darryl,1,0.03771666666666667,0.08433703055136706,6,0.0,1
Andy,Boom Box,1,0.01718333333333333,0.23095715992846427,12,0.0,1
Boom Box,Erin,1,0.11923333333333333,0.18219040101559197,9,0.0,1
Chet,Edward R. Meow,1,0.2457555555555556,0.24503441985480373,9,0.0,1
Erin,Waiter,1,0.0,0.0,4,0.0,1
Holly,Waiter,1,0.0,0.0,3,0.0,1
Micahel,Waiter,1,0.09018571428571429,0.2546671128499849,7,0.0,1
Cell Phone Sales Person,Erin,1,0.07942,0.2715393039690571,5,0.0,1
Chet,Miss Trudy,1,0.33404999999999996,0.2803937989685221,4,0.0,1
Micahel,Pam,1,0.09214615384615385,0.2847452643366175,13,0.0,1
Holly,Holly's Dad,1,-0.059346666666666666,0.2396951671510203,15,0.0,1
Holly's Dad,Holly's Mom,1,0.11675555555555556,0.23505622547765562,9,0.0,1
Holly,Holly's Mom,1,0.011471428571428577,0.3308802425318852,14,0.0,1
Abby,Chet,1,0.05036666666666667,0.0712292230915249,3,0.0,1
Holly,Lady,1,-0.02447142857142857,0.19567704233751898,7,0.0,1
Angela,Todd,1,-0.050166666666666665,0.2015146369098009,3,0.0,1
Kelly,Todd,1,-0.115725,0.26746101935609234,4,0.0,1
Oscar,Todd,1,-0.20906666666666665,0.274159811464449,3,0.0,1
Ryan,Todd,1,-0.050166666666666665,0.2015146369098009,3,0.0,1
Holy,Todd,1,-0.005449999999999983,0.43696598551832383,8,0.0,1
Edward R. Meow,Melissa,1,0.2643222222222222,0.24348461862338006,9,0.0,1
Edward R. Meow,Young Michael,1,0.28384444444444445,0.25384508010075363,9,0.0,1
Melissa,Miss Trudy,1,0.37582499999999996,0.26186000434392415,4,0.0,1
Miss Trudy,Young Michael,1,0.41974999999999996,0.26324232657382435,4,0.0,1
Edward R. Meow,Miss Trudy,1,0.36064444444444443,0.26426777712141025,9,0.0,1
Denagelo,Erin,1,0.09441250000000001,0.26909954216562687,8,0.0,1
Denagelo,Michael,1,0.16206666666666666,0.18303037695663768,6,0.0,1
Deangelo,Meredith,1,0.0,0.0,2,0.0,1
Abby,Young Michael,1,0.16463333333333333,0.23282669281869056,3,0.0,1
Abby,Edward R. Meow,1,0.25758749999999997,0.25746290236410757,8,0.0,1
Abby,Miss Trudy,1,0.3950333333333333,0.2999195040154756,3,0.0,1
Deangelo,Waiter,1,0.04217272727272728,0.15931247791630987,11,0.0,1
Melissa,Sasha,1,0.07955,0.13778464174210417,4,0.0,1
Deangelo/Michael,Waiter,1,0.0,0.0,2,0.0,1
Kevin,Micahel,1,0.41015,0.24865,2,0.0,1
Micahel,Phyllis,1,0.08075,0.08075,2,0.0,1
Dwight,Micahel,1,0.20575,0.04425,2,0.0,1
Angela,Micahel,1,0.08075,0.08075,2,0.0,1
Jim,Micahel,1,-0.0984,0.23366866856013596,3,0.0,1
Deangelo,Micahel,1,0.049475,0.40616328433484317,12,0.0,1
Sasha,Young Michael,1,0.123475,0.21386497346456712,4,0.0,1
Micahel,Stanley,1,-0.11619999999999998,0.2777,2,0.0,1
Micahel,Oscar,1,-0.13049999999999998,0.2304678719474799,3,0.0,1
Darryl,Darryl's sister,1,0.3737333333333333,0.2819048223938159,3,0.0,1
Edward R. Meow,Sasha,1,0.22896666666666665,0.2558810748071151,9,0.0,1
Miss Trudy,Sasha,1,0.29627499999999996,0.31100386954988196,4,0.0,1
Abby,Sasha,1,0.0,0.0,3,0.0,1
Deangelo,Denagelo,1,0.1223625,0.21464399559211994,8,0.0,1
DeAngelo,Together,1,-0.04228571428571428,0.10357842340911726,7,0.0,1
Michael,Together,1,0.08803333333333334,0.17852496868630013,9,0.0,1
Pam,Young Michael,1,0.16463333333333333,0.23282669281869056,3,0.0,1
DeAngelo,Phyllis,1,0.027954545454545454,0.2749436582403958,11,0.0,1
Edward R. Meow,Pam,1,0.2575875,0.25746290236410757,8,0.0,1
Angela,DeAngelo,1,0.003458333333333341,0.29961161931833613,12,0.0,1
DeAngelo,Jo,1,0.16846428571428573,0.28368439860204525,14,0.0,1
Angela,Jo,1,0.1932,0.3857768655583173,6,0.0,1
Pam/Jim,Stanley,1,0.2202,0.2202,4,0.0,1
Oscar,Pam/Jim,1,0.66055,0.22015,2,0.0,1
Jim,Store Employee,1,0.05051999999999999,0.3073298124165633,5,0.0,1
Pam,Store Employee,1,0.01712857142857143,0.3222952582173491,7,0.0,1
Kevin,Office Staff,1,0.19299999999999998,0.49715658163868925,3,0.0,1
Michael,Office Staff,1,0.269,0.44432218040516497,7,0.0,1
Dwight,Office Staff,1,0.4619,0.31600659012115556,4,0.0,1
Kevin,Manager,1,0.0843,0.1686,5,0.0,1
DeAngelo,Manager,1,0.377475,0.40533606966935476,8,0.0,1
Erin,Manager,1,0.34178,0.2982928654862533,5,0.0,1
Audience,Manager,1,0.105375,0.18251485384757044,4,0.0,1
Audience,Michael,1,0.30374285714285715,0.3999965101888581,7,0.0,1
Audience,Darryl,1,-0.20095,0.20095,2,0.0,1
Darryl,Manager,1,0.004900000000000002,0.29115709677079826,4,0.0,1
DeAngelo,Gabe,1,0.25667142857142855,0.5925750578480953,7,0.0,1
Angela,Office Staff,1,0.01579999999999998,0.8592,2,0.0,1
Gabe,Manager,1,-0.07602,0.39782649685509885,5,0.0,1
Audience,Meredith,1,0.0,0.0,2,0.0,1
Manager,Meredith,1,0.105375,0.18251485384757044,4,0.0,1
DeAngelo,Michael ,1,0.125,0.125,2,0.0,1
Michael ,Pam,1,0.08333333333333333,0.11785113019775792,3,0.0,1
Jim,Michael ,1,0.23985,0.32561395214783617,6,0.0,1
Meredith,Michael ,1,0.39495,0.14495000000000002,2,0.0,1
Kelly and Erin,Meredith,1,0.0,0.0,2,0.0,1
Creed,DeAngelo,1,0.3348,0.3348,2,0.0,1
Creed,Erin and Kelly,1,0.0,0.0,2,0.0,1
Creed,Women,1,0.0,0.0,2,0.0,1
Creed,Kelly and Erin,1,0.0,0.0,2,0.0,1
Erin and Kelly,Oscar,1,0.36315,0.36315,2,0.0,1
Oscar,Women,1,0.36315,0.36315,2,0.0,1
Erin and Kelly,Stanley,1,0.0,0.0,2,0.0,1
Stanley,Women,1,0.0,0.0,2,0.0,1
Kelly and Erin,Stanley,1,0.0,0.0,2,0.0,1
Erin and Kelly,Ryan,1,0.0,0.0,2,0.0,1
Ryan,Women,1,0.0,0.0,2,0.0,1
Kelly and Erin,Ryan,1,0.0,0.0,2,0.0,1
Audience,Kevin,1,0.0,0.0,3,0.0,1
Audience,DeAngelo,1,0.43305,0.4380680264905592,6,0.0,1
Audience,Erin,1,0.4291333333333333,0.3156118431801246,3,0.0,1
Erin and Kelly,Jim,1,0.1471,0.1471,2,0.0,1
Jim,Women,1,0.1471,0.1471,2,0.0,1
All,DeAngelo,1,0.029079999999999995,0.37918902093810675,5,0.0,1
All,Erin and Kelly,1,-0.10484,0.20967999999999998,5,0.0,1
All,Women,1,-0.10484,0.20967999999999998,5,0.0,1
Kelly and Erin,Kevin,1,0.0,0.0,2,0.0,1
DeAngelo,Kelly and Erin,1,0.3348,0.3348,2,0.0,1
Kelly and Erin,Michael,1,0.304125,0.2597936043766282,4,0.0,1
Andy,Kelly and Erin,1,0.278225,0.29511101618712915,4,0.0,1
Erin and Kelly,Kelly and Erin,1,0.0,0.0,2,0.0,1
Kelly and Erin,Women,1,0.0,0.0,2,0.0,1
Kelly and Erin,Toby,1,0.0,0.0,2,0.0,1
Jim,Kelly and Erin,1,0.1471,0.1471,2,0.0,1
All,Kelly and Erin,1,-0.10484,0.20967999999999998,5,0.0,1
Erin and Kelly,Meredith,1,0.0,0.0,2,0.0,1
Meredith,Women,1,0.0,0.0,2,0.0,1
Gabe,abe,1,0.21197999999999997,0.21075606183452944,5,0.0,1
Creed,abe,1,0.01029999999999999,0.2514,2,0.0,1
Erin and Kelly,Kevin,1,0.0,0.0,2,0.0,1
DeAngelo,Erin and Kelly,1,0.3348,0.3348,2,0.0,1
Erin and Kelly,Pam,1,0.0,0.0,2,0.0,1
Erin and Kelly,Michael,1,0.304125,0.2597936043766282,4,0.0,1
Andy,Erin and Kelly,1,0.278225,0.29511101618712915,4,0.0,1
Kevin,Women,1,0.0,0.0,2,0.0,1
DeAngelo,Women,1,0.3348,0.3348,2,0.0,1
Pam,Women,1,0.0,0.0,2,0.0,1
Michael,Women,1,0.304125,0.2597936043766282,4,0.0,1
Andy,Women,1,0.278225,0.29511101618712915,4,0.0,1
Erin and Kelly,Women,1,0.0,0.0,2,0.0,1
Delivery Boy,Dwight,1,-0.013939999999999998,0.16604582018226172,5,0.0,1
Erin and Kelly,Toby,1,0.0,0.0,2,0.0,1
Toby,Women,1,0.0,0.0,2,0.0,1
Erin,Jordan,1,0.16131666666666666,0.13183267698951662,6,0.0,1
Jordan,Phyllis,1,0.21065,0.11675686632199979,6,0.0,1
Delivery Woman,Pam,1,0.1101,0.19069879391333341,4,0.0,1
Delivery Woman,Michael,1,0.25658000000000003,0.40479891501830884,5,0.0,1
Jordan,Kelly,1,0.1278875,0.2874307587815716,8,0.0,1
Abby,Kevin,1,0.0193,0.03342858058607934,4,0.0,1
Kevin,Michael and Dwight,1,0.13957999999999998,0.17419915499220998,5,0.0,1
Jordan,Ryan,1,0.23156666666666667,0.13924861060547625,6,0.0,1
Abby,Michael and Dwight,1,0.25836666666666663,0.1352028681484071,3,0.0,1
Deangelo,Toby,1,0.15342,0.4285493035812799,5,0.0,1
Client,DeAngelo,1,-0.083,0.2923780543520096,3,0.0,1
Melissa,Young Michael,1,0.203025,0.21231571273695218,4,0.0,1
DeAgnelo,DeAngelo,1,-0.04379999999999999,0.5442643144649482,5,0.0,1
Andy,DeAgnelo,1,0.27636000000000005,0.259638368505119,5,0.0,1
Rory,Toby,1,0.12123999999999999,0.3491173590642551,5,0.0,1
Erin,abe,1,0.030014285714285712,0.09624629756992403,7,0.0,1
Jo,Pam,1,-0.04040000000000001,0.49074863445782735,9,0.0,1
All but Oscar,Erin,1,0.09106666666666667,0.12878771508010986,3,0.0,1
All but Oscar,Dwight,1,0.31475000000000003,0.2655151455190457,6,0.0,1
All but Oscar,Angela,1,0.1366,0.1366,2,0.0,1
All but Oscar,Jim,1,0.09106666666666667,0.12878771508010986,3,0.0,1
All,All but Oscar,1,0.49099999999999994,0.211981430004297,3,0.0,1
Dwight [on phone],Pam,1,0.0,0.0,2,0.0,1
Dwight,Dwight [on phone],1,0.31845,0.31845,2,0.0,1
Dwight [on phone],Jim,1,0.32216666666666666,0.45561246934453214,3,0.0,1
Mose [on phone],Pam,1,0.0,0.0,2,0.0,1
Dwight,Mose [on phone],1,0.31845,0.31845,2,0.0,1
Dwight [on phone],Mose [on phone],1,0.0,0.0,2,0.0,1
Photographer,Stanley,1,0.0,0.0,4,0.0,1
Jim,Warehouse Worker,1,0.148,0.148,2,0.0,1
Dwight,Warehouse Worker,1,0.2287,0.2287,2,0.0,1
Anglea,Pam,1,0.00529999999999999,0.39573281390352255,3,0.0,1
Anglea,Michael,1,-0.19063333333333332,0.269596245440391,3,0.0,1
Creed,Photographer,1,0.5326500000000001,0.09225,2,0.0,1
Employee,Jim,1,0.06025,0.15222584373226514,4,0.0,1
Dwight,Employee,1,0.08865999999999999,0.14451449200685723,5,0.0,1
Employee,Pam,1,-0.0386,0.0386,2,0.0,1
Dwight,I.D. Photographer,1,-0.13076666666666667,0.1849319935063217,3,0.0,1
I.D. Photographer,Phyllis,1,0.075875,0.0923897552491617,4,0.0,1
Kevin,Linda,1,0.24080000000000001,0.17027131290972067,3,0.0,1
Everybody,Pam and Jim,1,0.0,0.0,2,0.0,1
Guy At Bar,Michael,1,0.16673749999999998,0.40917824642049333,8,0.0,1
Jim,Mose [on phone],1,0.32216666666666666,0.45561246934453214,3,0.0,1
Jordan,Kevin,1,0.14013333333333336,0.3320136777637666,3,0.0,1
Angela,Jordan,1,-0.0593,0.08386286424872455,3,0.0,1
Jordan,Oscar,1,-0.15113333333333334,0.1140537982221061,3,0.0,1
Jim,Warren Buffett,1,0.27,0.4451158351111165,3,0.0,1
Jim,Warren,1,0.23025,0.42163783926493126,4,0.0,1
Warren,Warren Buffett,1,0.3306,0.23812114563809741,3,0.0,1
Fred,Fred Henry,1,0.24821111111111113,0.2900303487738422,9,0.0,1
Fred Henry,Gabe,1,0.3636,0.3398495353338984,3,0.0,1
Fred,Gabe,1,0.16895,0.20790976047314375,10,0.0,1
Fred Henry,Toby,1,0.2468,0.4048451885186073,3,0.0,1
Fred,Toby,1,0.13391000000000003,0.21672757761761652,10,0.0,1
Fred Henry,Jim,1,0.18768749999999998,0.284443849632489,8,0.0,1
Fred,Jim,1,0.14001333333333335,0.2015971093267185,15,0.0,1
Darryl and Angela,Kevin,1,0.24802,0.20482814650335535,5,0.0,1
Darryl,Darryl and Angela,1,0.2287,0.2287,2,0.0,1
Angela,Darryl and Angela,1,0.09945,0.17481117670217772,8,0.0,1
Darryl and Angela,Oscar,1,0.2287,0.2287,2,0.0,1
Jada,Kelly,1,0.15519999999999998,0.5182260574948607,3,0.0,1
Jada,Toby,1,0.1710333333333333,0.5018706362754805,3,0.0,1
Jada,Jim,1,0.11101666666666667,0.45194207378330636,6,0.0,1
Creed,Jordan,1,0.10541666666666667,0.24315772944508446,6,0.0,1
Jo,Kelly,1,-0.22405,0.38980609602724275,4,0.0,1
Darryl,Jo,1,0.09201666666666668,0.37248289632620124,12,0.0,1
Jim,Merv,1,-0.1925857142857143,0.24680040187841457,7,0.0,1
Merv,Toby,1,-0.09795714285714285,0.24576911846657368,7,0.0,1
Linda,Ryan,1,0.24685,0.09836588585480233,4,0.0,1
Madge,Warehouse worker,1,0.19063333333333332,0.269596245440391,3,0.0,1
Dwight,Madge,1,0.3301,0.24168170527920946,3,0.0,1
Pam,Pam/Jim,1,0.04643333333333335,0.2582593829638894,6,0.0,1
Angela,Katy,1,0.11693636363636363,0.22749933975019987,11,0.0,1
Katy,Stanley,1,0.36816000000000004,0.3312505613580149,5,0.0,1
Katy,Toby,1,0.16277,0.16637931391852773,10,0.0,1
Katy,Oscar,1,0.0,0.0,3,0.0,1
Katy,Ryan,1,0.3463333333333333,0.03657114831241821,3,0.0,1
Jim,Pam/Jim,1,0.13334000000000001,0.17678578675900392,5,0.0,1
Merv Bronte,Robert,1,-0.2048333333333333,0.34570635259165,3,0.0,1
Merv,Merv Bronte,1,-0.16463333333333333,0.23282669281869056,3,0.0,1
Merv,Robert,1,-0.2771,0.32450281200630604,4,0.0,1
Angela,Billy,1,0.2875,0.30284456409187865,4,0.0,1
Billy,Oscar,1,0.0,0.0,2,0.0,1
Creed,Pam as ninth-biggest client,1,-0.05463333333333333,0.12216384717073851,6,0.0,1
Pam as fourth-biggest client,Pam as ninth-biggest client,1,0.09246000000000001,0.37120522410117024,5,0.0,1
Creed,Pam as fourth-biggest client,1,0.11287142857142858,0.2764774065389984,7,0.0,1
Pam,Pam as ninth-biggest client,1,0.045375,0.2994176712804373,4,0.0,1
Pam,Pam as fourth-biggest client,1,0.25988,0.33044104708707117,5,0.0,1
Jada,Kevin,1,0.28436666666666666,0.40215519668682914,3,0.0,1
Jada,Phyllis,1,0.303575,0.3498620897939644,4,0.0,1
Angela,Jada,1,0.5517,0.3906682053439551,3,0.0,1
Dealer,Meredith,1,0.16956666666666664,0.2960743637819541,3,0.0,1
Dealer,Toby,1,0.0908,0.20428744454811706,4,0.0,1
Meredith,Tattoo Artist,1,0.24405000000000002,0.24636973738671722,4,0.0,1
Stanley,Tattoo Artist,1,0.22425,0.23259128852990177,4,0.0,1
Dealer,Stanley,1,0.38915,0.38915,2,0.0,1
Billy,Michael,1,0.3017666666666667,0.31171630620735186,6,0.0,1
Justine,Meredith,1,0.0,0.0,4,0.0,1
Darryl & Oscar,Dwight,1,0.17831666666666668,0.3845374902254511,6,0.0,1
Darryl & Oscar,Waiter,1,0.13396666666666665,0.18945747690591563,3,0.0,1
Darryl & Oscar,Jim,1,0.0,0.0,2,0.0,1
Billy,Billy's Girlfriend,1,0.19064,0.28209120936321286,5,0.0,1
All,Darryl & Oscar,1,0.0,0.0,2,0.0,1
All,Waiter,1,0.13396666666666665,0.18945747690591563,3,0.0,1
Darryl & Oscar,Robert,1,0.12040000000000001,0.17027131290972064,3,0.0,1
Billy's Girlfriend,Michael,1,0.262,0.24859168932206888,5,0.0,1
Carol,Roy,1,0.4205,0.42397409118954427,4,0.0,1
Andy,Bruce,1,0.2838833333333333,0.26628374851316444,6,0.0,1
Bruce,Nate,1,-0.0108,0.0108,2,0.0,1
Andy,Gideon,1,0.4067142857142857,0.24926497908033204,7,0.0,1
Bruce,Gideon,1,0.3812333333333333,0.2874308767145396,3,0.0,1
Gideon,Nate,1,0.3740333333333333,0.2970015974517458,3,0.0,1
Andy,Male Applicant 2,1,0.225325,0.3389846705604842,4,0.0,1
Female Applicant,Male Applicant 2,1,0.3286,0.03260000000000002,2,0.0,1
Darryl,Female Applicant,1,0.16917777777777776,0.2797980572475552,9,0.0,1
Female worker,Jim,1,0.2976666666666667,0.1009277079013599,3,0.0,1
Photographer,Phyllis,1,0.384125,0.2370053941896682,4,0.0,1
Angela,Photographer,1,0.288675,0.28973696152717554,4,0.0,1
Female Applicant,Male Applicant 1,1,0.28595,0.28595,2,0.0,1
Group,Tattoo Artist,1,0.131,0.17126552484373497,6,0.0,1
Kevin,Tattoo Artist,1,0.21350000000000002,0.22693825151348992,4,0.0,1
Erin,Tattoo Artist,1,0.20795000000000002,0.22456893707723694,4,0.0,1
Jim,Walter Jr,1,0.11717999999999999,0.23435999999999998,5,0.0,1
Dwight and Michael,Pam,1,0.0,0.0,3,0.0,1
Dwight and Michael,Kelly,1,0.10796666666666667,0.15268792428421518,3,0.0,1
Bob,Creed,1,0.66795,0.22754999999999997,2,0.0,1
Bob,Kevin,1,0.15246666666666667,0.21562042780981788,3,0.0,1
Dealer,Dwight,1,0.25382857142857146,0.2968648404061817,7,0.0,1
Carol,Dealer,1,0.0,0.0,3,0.0,1
Ellen,Oscar,1,0.0,0.0,2,0.0,1
Oscar,Walter,1,0.100475,0.17402780489048295,4,0.0,1
Mose,Toby,1,0.09346363636363636,0.17818964500435164,11,0.0,1
"Dwight, Erin, Jim & Kevin",Kevin,1,0.007200000000000002,0.1836489404634106,6,0.0,1
"Dwight, Erin, Jim & Kevin",Erin,1,0.0,0.0,4,0.0,1
Darryl,"Dwight, Erin, Jim & Kevin",1,0.006375000000000006,0.30589934925560075,8,0.0,1
Andy,"Dwight, Erin, Jim & Kevin",1,0.10491999999999999,0.32070792568940354,5,0.0,1
Dwight,"Dwight, Erin, Jim & Kevin",1,-0.01145714285714286,0.1319402771510424,7,0.0,1
"Dwight, Erin, Jim & Kevin",Jim,1,0.12935,0.3730966172901241,6,0.0,1
Erin's Cell Phone,Meredith,1,0.45115,0.13474999999999998,2,0.0,1
Meredith,Walter & Walter Jr,1,0.6367499999999999,0.32034999999999997,2,0.0,1
Andy & Walter,Meredith,1,0.202575,0.2120728928340442,4,0.0,1
Kevin,Walter,1,0.21886363636363634,0.25654245536549825,11,0.0,1
Erin,Walter,1,0.15749166666666667,0.25252602657393997,12,0.0,1
Erin's Cell Phone,Walter,1,0.2320909090909091,0.2709691544154576,11,0.0,1
Walter,Walter & Walter Jr,1,0.26583636363636365,0.3296827821702312,11,0.0,1
Andy & Walter,Walter,1,0.1893076923076923,0.25343294807818034,13,0.0,1
Gabe,Walter,1,0.24807499999999996,0.2691915864367483,12,0.0,1
Meredith,Walter,1,0.2075909090909091,0.24917892605532,11,0.0,1
Erin's Cell Phone,Robert,1,0.5514666666666667,0.23336281242353552,3,0.0,1
Robert,Walter & Walter Jr,1,0.6751999999999999,0.3059398306857085,3,0.0,1
Andy & Walter,Robert,1,0.31248,0.3124614241790497,5,0.0,1
Robert,Walter Jr,1,0.5956333333333333,0.24779265974241896,3,0.0,1
Dwight,Walter,1,0.28595,0.28595,2,0.0,1
Dealer,Jan,1,0.0,0.0,5,0.0,1
Andy,Erin's Cell Phone,1,0.3376384615384615,0.3748438578281353,13,0.0,1
Andy,Walter & Walter Jr,1,0.36619230769230765,0.4055483039835148,13,0.0,1
Andy & Walter,Kevin,1,0.233575,0.23433962933102034,4,0.0,1
Andy & Walter,Erin,1,0.08334,0.20744602767949066,5,0.0,1
Andy & Walter,Erin's Cell Phone,1,0.26995,0.2719025606720172,4,0.0,1
Andy & Walter,Walter & Walter Jr,1,0.36275,0.3980035709638796,4,0.0,1
Andy,Andy & Walter,1,0.28648666666666667,0.36314723160478896,15,0.0,1
Kevin,Walter Jr,1,0.5794,0.139,2,0.0,1
Erin,Walter Jr,1,0.21373333333333333,0.35824227680284876,3,0.0,1
Erin's Cell Phone,Walter Jr,1,0.65215,0.06625000000000003,2,0.0,1
Walter & Walter Jr,Walter Jr,1,0.83775,0.11934999999999996,2,0.0,1
Andy & Walter,Walter Jr,1,0.303075,0.31329616479459177,4,0.0,1
Erin's Cell Phone,Gabe,1,0.5318999999999999,0.12338743858270175,3,0.0,1
Gabe,Walter & Walter Jr,1,0.6556333333333333,0.24332598619045098,3,0.0,1
Andy & Walter,Gabe,1,0.30074,0.2618632742482229,5,0.0,1
Gabe,Walter Jr,1,0.5760666666666667,0.1545828221015805,3,0.0,1
Bert,Pam,1,0.09027777777777778,0.268528242991218,9,0.0,1
Billy,Kevin,1,0.100475,0.17402780489048295,4,0.0,1
Gabe/Kelly/Toby,Kelly,1,0.07041111111111112,0.2541731100579745,9,0.0,1
Gabe,Gabe/Kelly/Toby,1,0.03510000000000002,0.47550000000000003,2,0.0,1
Gabe/Kelly/Toby,Toby,1,0.210875,0.4584921230239403,4,0.0,1
Gabe/Kelly/Toby,Robert,1,0.051511111111111105,0.38110073455261567,9,0.0,1
Billy,Dwight,1,0.2204857142857143,0.2644950684313222,7,0.0,1
Andy,Bert,1,0.19068000000000002,0.394308069407665,5,0.0,1
Bert,Erin,1,0.28576666666666667,0.40413509567415146,3,0.0,1
Bert,Robert,1,0.14111428571428572,0.22847623464141378,7,0.0,1
Ellen,Walter Jr,1,0.0,0.0,2,0.0,1
Erin's Cell Phone,Kevin,1,0.51315,0.07274999999999998,2,0.0,1
Erin,Erin's Cell Phone,1,0.16956666666666664,0.2960743637819541,3,0.0,1
Kevin,Walter & Walter Jr,1,0.69875,0.25834999999999997,2,0.0,1
Erin,Walter & Walter Jr,1,0.29329999999999995,0.4704344020866954,3,0.0,1
Erin's Cell Phone,Walter & Walter Jr,1,0.7715,0.1856,2,0.0,1
"Jim, Josh, and Dwight",Josh,1,0.13615,0.1361514873220267,4,0.0,1
Client,Erin,1,-0.053629999999999976,0.418155717526378,10,0.0,1
Client,Dwight,1,0.098775,0.18244325658954896,4,0.0,1
Client,Darryl,1,-0.17805555555555555,0.3310278139073013,9,0.0,1
Darryl,Warehouse Crew,1,0.06498571428571429,0.1591818405702954,7,0.0,1
Gabe,Warehouse Crew,1,-0.14343999999999998,0.28687999999999997,5,0.0,1
"Jim, Josh, and Dwight",Michael,1,0.33898749999999994,0.36863789630713495,8,0.0,1
Jim,Val,1,0.09432,0.3669658589024325,5,0.0,1
Andy/Stanley,Stanley,1,0.0,0.0,2,0.0,1
Andy/Pam,Jim,1,-0.09866666666666667,0.13953573815414536,3,0.0,1
Andy,Andy/Pam,1,0.0,0.0,4,0.0,1
Bert,Toby,1,-0.07962857142857142,0.19504936894676336,7,0.0,1
Dwight,"Jim, Josh, and Dwight",1,0.0,0.0,3,0.0,1
Bert,Darryl,1,0.0,0.0,5,0.0,1
Jim,"Jim, Josh, and Dwight",1,0.0,0.0,2,0.0,1
Darryl,Drummer,1,0.24676666666666666,0.1762183557092986,3,0.0,1
Andy,Curtis,1,0.32798,0.19937006194511755,5,0.0,1
Andy,Drummer,1,0.11983333333333333,0.16946992522437587,3,0.0,1
Curtis,Robert,1,0.23955,0.20961233265244675,8,0.0,1
Drummer,Robert,1,0.106,0.1504437879519568,6,0.0,1
Robert,Val,1,0.16688333333333336,0.3029565778384017,6,0.0,1
Offscreen,Phyllis,1,0.35050000000000003,0.45988078890077594,3,0.0,1
Offscreen,Pam,1,0.6885,0.17258315097366833,5,0.0,1
Dwight,Offscreen,1,0.469925,0.36377655487263055,4,0.0,1
Gabe,Offscreen,1,0.4518,0.3238894049929183,3,0.0,1
Offscreen,Toby,1,0.49842000000000003,0.268419927725197,5,0.0,1
Offscreen,Oscar,1,0.45255999999999996,0.24172776919501823,5,0.0,1
Offscreen,Ryan,1,0.47056666666666674,0.3413772530337792,3,0.0,1
Andy,Darryl and Kevin,1,0.0,0.0,2,0.0,1
Andy and Darryl,Darryl,1,0.31845,0.31845,4,0.0,1
Andy and Darryl,Darryl and Kevin,1,0.31845,0.31845,4,0.0,1
Andy,Andy and Darryl,1,0.31845,0.31845,4,0.0,1
Jim,Old Man,1,0.07343749999999999,0.19804185124298854,8,0.0,1
Josh,Waiter,1,0.71875,0.09384999999999999,2,0.0,1
Old Man,Pam,1,0.19508,0.16065593546458218,5,0.0,1
Jan,Waiter,1,0.34443999999999997,0.3702692134109991,5,0.0,1
Dwight,Pam and Kelly,1,0.11485000000000001,0.30212918180804715,4,0.0,1
Kelly,Pam and Kelly,1,0.0,0.0,2,0.0,1
Pam,Pam and Kelly,1,0.0,0.0,2,0.0,1
Curtis,Kevin,1,0.2885875,0.28184880449231997,8,0.0,1
Drummer,Kevin,1,0.17138333333333333,0.2938770174560932,6,0.0,1
Curtis,Drummer,1,0.3201,0.22220498419252435,4,0.0,1
Curtis,Darryl,1,0.40414000000000005,0.11536953844061265,5,0.0,1
Josh,Ted,1,0.0,0.0,4,0.0,1
Gabe,Man,1,0.228225,0.17130663114719172,4,0.0,1
Chelsea,Darryl,1,0.3404,0.3404,2,0.0,1
Chelsea,Dwight,1,-0.0025499999999999967,0.2441190437061394,4,0.0,1
Andy,Chelsea,1,-0.2911,0.2911,2,0.0,1
Chelsea,Gabe,1,0.0,0.0,2,0.0,1
Chelsea,Park Ranger,1,0.263325,0.3017710338567968,4,0.0,1
Darryl,Park Ranger,1,0.433525,0.2972104420692516,4,0.0,1
Dwight,Park Ranger,1,0.17385000000000003,0.3412434993275818,6,0.0,1
Andy,Park Ranger,1,0.11777499999999996,0.48090962963430045,4,0.0,1
Gabe,Park Ranger,1,0.263325,0.3017710338567968,4,0.0,1
Chelsea,Oscar,1,0.23835,0.23835,2,0.0,1
Oscar,Park Ranger,1,0.38249999999999995,0.26628985147767087,4,0.0,1
Everyone,Gabe,1,0.2553,0.2553,2,0.0,1
Michael,Ted,1,0.3117,0.19465365396005282,4,0.0,1
Darryl,Darryl and Kevin,1,0.0,0.0,2,0.0,1
Dwight,Ted,1,-0.09866666666666667,0.13953573815414536,3,0.0,1
Amanda,Archivist,1,0.1909,0.1909,2,0.0,1
Amanda,Dwight,1,0.12726666666666667,0.17998224603801588,3,0.0,1
Amanda,Narrator,1,-0.03706666666666669,0.5328497057228134,3,0.0,1
Archivist,Narrator,1,-0.16433333333333336,0.4579376473810478,3,0.0,1
Dwight,Narrator,1,-0.12325000000000001,0.4029189589731414,4,0.0,1
Amanda,Soldier,1,0.4062,0.024400000000000005,2,0.0,1
Archivist,Soldier,1,0.2153,0.2153,2,0.0,1
Dwight,Soldier,1,0.14353333333333332,0.20298678665261827,3,0.0,1
Narrator,Soldier,1,-0.02080000000000004,0.5459717453006764,3,0.0,1
Amanda,Oscar,1,0.3903666666666667,0.32228730798604044,3,0.0,1
Narrator,Oscar,1,0.07407499999999999,0.5725345115143715,4,0.0,1
Oscar,Soldier,1,0.40663333333333335,0.322675712683114,3,0.0,1
Jim,Ted,1,0.3592,0.3592,2,0.0,1
Kathy,Oscar,1,-0.16825,0.16825,2,0.0,1
Phyllis,Susan,1,0.13442,0.2321732835620843,5,0.0,1
Dwight,Jerome Bettis,1,0.17688571428571429,0.2816186653136848,7,0.0,1
Angela,Susan,1,-0.19063333333333332,0.269596245440391,3,0.0,1
Susan,Toby,1,0.14192,0.28384,5,0.0,1
Andy/Oscar,Kevin,1,0.19699999999999998,0.3749,2,0.0,1
Andy/Oscar,Erin,1,-0.08895,0.08895,2,0.0,1
Andy/Oscar,Susan,1,-0.0593,0.08386286424872455,3,0.0,1
Andy,Andy/Oscar,1,-0.13824999999999998,0.09154508452123467,4,0.0,1
Andy/Oscar,Angela,1,-0.3749,0.19699999999999998,2,0.0,1
Andy/Oscar,Toby,1,0.13292500000000002,0.3407727789524862,4,0.0,1
Jerome Bettis,Michael,1,0.22196666666666667,0.31413150820069685,9,0.0,1
Andy/Oscar,Oscar,1,-0.07836666666666667,0.07415354940182492,3,0.0,1
Hannah,Jim,1,0.12919999999999998,0.2921393631471117,8,0.0,1
Dwight,Susan,1,0.1635625,0.3200101519385752,8,0.0,1
Pam,Ryan and others,1,0.5473,0.39206655047325834,3,0.0,1
Michael,Ryan and others,1,0.21275,0.27708678153242894,10,0.0,1
Dwight,Ryan and others,1,0.37018000000000006,0.35822599793984805,5,0.0,1
Jessica,Meredith,1,0.045757142857142864,0.35393964722470833,7,0.0,1
Jessica,Nate,1,0.0,0.0,4,0.0,1
Ryan,Ryan and others,1,0.4204,0.2886881795294016,4,0.0,1
Jessica,Jim,1,0.06778181818181818,0.2967049584969793,11,0.0,1
Jessica,Oscar,1,0.10759999999999999,0.15484047705084525,6,0.0,1
Evan,Jim,1,0.11002941176470588,0.24132847706151558,17,0.0,1
Alan,Kelly,1,0.442875,0.38196959548503334,4,0.0,1
Andy,Mrs. California,1,-0.5326500000000001,0.008450000000000013,2,0.0,1
Mrs. California,Robert,1,-0.589,0.0479,2,0.0,1
Bob's Secretary,Jim,1,0.13545,0.23460628188520444,4,0.0,1
Alan,Ryan,1,0.34813333333333335,0.2929301888770694,3,0.0,1
Erin,Kathy,1,0.0,0.0,2,0.0,1
Evan,Josh,1,0.15798,0.20335427607994871,5,0.0,1
Dwight,Evan,1,0.48460000000000003,0.009300000000000003,2,0.0,1
Kelly's Father,Michael,1,0.51595,0.1850694621846979,6,0.0,1
Kelly's Mom,Michael,1,0.56958,0.1500617392941985,5,0.0,1
Kelly,Kelly's Mom,1,0.28745,0.16739715499374533,4,0.0,1
Girls,Kelly,1,-0.2504,0.35411907601822296,3,0.0,1
Girls,Ryan,1,0.0,0.0,5,0.0,1
Angela,Server,1,0.0,0.0,3,0.0,1
Michael,Server,1,0.2787,0.2787,2,0.0,1
Cousin Mose,Dwight,1,-0.04368333333333333,0.4282370465706529,6,0.0,1
Cousin Mose,Ryan,1,-0.1101,0.35383210001355164,4,0.0,1
Cathy,Host,1,0.07543333333333334,0.10667884305501046,3,0.0,1
Michael,Pretzel guy,1,0.2181,0.3038631035750897,7,0.0,1
Pretzel guy,Stanley,1,0.0667,0.21328388359179887,4,0.0,1
Creed,Host,1,0.07543333333333334,0.10667884305501046,3,0.0,1
Dwight:,Michael,1,-0.059539999999999996,0.3171157744420797,10,0.0,1
Kevin,Queerenstein Bears,1,0.17975,0.17975,2,0.0,1
Erin,Queerenstein Bears,1,0.0,0.0,4,0.0,1
Host,Queerenstein Bears,1,0.0824625,0.21817526748866378,8,0.0,1
Darryl,Queerenstein Bears,1,0.148,0.148,2,0.0,1
Kelly,Queerenstein Bears,1,0.0,0.0,2,0.0,1
Dwight:,Michael and Dwight,1,0.0,0.0,3,0.0,1
Erin,Oscar's friend,1,0.0,0.0,4,0.0,1
Dwight,M ichael,1,-0.03559090909090908,0.3144648858979487,11,0.0,1
Oscar's friend,Queerenstein Bears,1,0.0,0.0,2,0.0,1
Darryl,Oscar's friend,1,0.148,0.148,2,0.0,1
Kelly,Oscar's friend,1,0.0,0.0,2,0.0,1
M ichael,Michael,1,0.0050625000000000114,0.36512446486609196,8,0.0,1
Meredith,Queerenstein Bears,1,0.0,0.0,4,0.0,1
M ichael,Michael ,1,0.084,0.084,2,0.0,1
Carol,Ryan,1,0.24966666666666668,0.258251670963724,12,0.0,1
Oscar,Queerenstein Bears,1,0.0,0.0,2,0.0,1
Kevin,Mrs. Kapoor,1,0.28002499999999997,0.4510275067831229,4,0.0,1
Andy,Andy and Jim,1,0.0391125,0.1034819481540138,8,0.0,1
Andy and Jim,Karen,1,-0.045571428571428575,0.20380221304199894,7,0.0,1
Announcer,Kelly,1,0.16375714285714285,0.2813268148163162,7,0.0,1
Announcer,Einsteins,1,0.15012,0.30024000000000006,5,0.0,1
Einsteins,Kelly,1,0.098925,0.18653636877295537,4,0.0,1
Kevin,Meredith & Kelly,1,0.3839333333333333,0.3231611500302734,3,0.0,1
Erin,Meredith & Kelly,1,0.17975,0.17975,2,0.0,1
Andy,Meredith & Kelly,1,0.55715,0.33249007128033164,4,0.0,1
Kelly,Meredith & Kelly,1,0.2906,0.21434607530813343,3,0.0,1
Meredith,Meredith & Kelly,1,0.0,0.0,2,0.0,1
Meredith & Kelly,Oscar,1,-0.17975,0.17975,2,0.0,1
Pam,Young Man,1,0.26426666666666665,0.18906205918222255,3,0.0,1
Hooter's Girls,Michael,1,0.32174,0.31338128278504446,10,0.0,1
Robert,Stu,1,0.3743333333333334,0.26793642695402375,3,0.0,1
Gabe,Stu,1,0.28535,0.28535,2,0.0,1
Darryl,Kathy,1,0.39135,0.030149999999999982,2,0.0,1
Angela,Kathy,1,0.29375,0.06745000000000001,2,0.0,1
Kathy,Ryan,1,0.40080000000000005,0.039599999999999996,2,0.0,1
Dwight,Lab Tech,1,-0.0143,0.21076401495511513,4,0.0,1
Both,Erin,1,0.30438333333333334,0.32842841136066303,6,0.0,1
Both,Cathy,1,0.4968,0.03940000000000002,2,0.0,1
Group chant,Lonny,1,0.2049,0.2049,2,0.0,1
Group chant,Michael,1,0.0236,0.2522761945434672,12,0.0,1
Darryl,Group chant,1,0.0176,0.21753007345455214,14,0.0,1
Angela,Jessica,1,0.056575,0.09799077443820924,4,0.0,1
Dwight,Group chant,1,0.079,0.1368320137979413,4,0.0,1
Group chant,Guy,1,-0.2063,0.25980589677680527,5,0.0,1
Jim's voicemail,Pam,1,-0.3544,0.3544,2,0.0,1
Roy,Todd,1,0.0,0.0,2,0.0,1
Jessica,Stanley,1,0.056575,0.09799077443820924,4,0.0,1
Stanley,Val,1,-0.17020000000000002,0.2406991483159008,3,0.0,1
Cece,Creed,1,0.04465555555555555,0.12630498460394374,9,0.0,1
Cece,Ryan,1,0.05741428571428571,0.14063570394636565,7,0.0,1
Packer,Roy,1,0.12682857142857143,0.282187833666492,7,0.0,1
Ernesto,Phyllis,1,-0.01544,0.03088,5,0.0,1
Andy,Ernesto,1,-0.002044444444444441,0.4522795008770354,9,0.0,1
Dwight,Ernesto,1,0.13996363636363637,0.36178618063141627,11,0.0,1
Ernesto,Toby,1,0.04933333333333333,0.11031268688998963,6,0.0,1
Ernesto,Jim,1,0.030771428571428578,0.2870230688303927,7,0.0,1
Creed,Ernesto,1,0.0,0.0,4,0.0,1
Ernesto,Nate,1,0.15933333333333333,0.2576226935311061,6,0.0,1
Nate,Toby,1,0.20866666666666667,0.250634100278119,6,0.0,1
Creed,Nate,1,0.239,0.2837496167398293,4,0.0,1
Packer,Todd,1,0.12682857142857143,0.282187833666492,7,0.0,1
Kelly's Father,Ryan,1,0.29405,0.3221810399449353,4,0.0,1
Kelly's Mom,Ryan,1,0.23523999999999998,0.3112474295476189,5,0.0,1
"Andy, Darryl & Officer Foley",Darryl,1,0.05193333333333333,0.2645808236101442,6,0.0,1
Andy,"Andy, Darryl & Officer Foley",1,-0.16122,0.38704911522957913,5,0.0,1
Erin,Officer Foley,1,0.123475,0.21386497346456712,4,0.0,1
Darryl,Officer Foley,1,0.11507142857142859,0.28969138117405324,7,0.0,1
"Andy, Darryl & Officer Foley",Officer Foley,1,0.16463333333333333,0.23282669281869056,3,0.0,1
Andy,Officer Foley,1,-0.05203333333333334,0.4294738900354971,6,0.0,1
Cece,Darryl,1,0.2202,0.2202,2,0.0,1
Cece,Stanley,1,0.0,0.0,2,0.0,1
Dwight,Nurse,1,-0.0625,0.10825317547305482,4,0.0,1
Cece,Erin,1,0.05741428571428571,0.14063570394636565,7,0.0,1
Carol,Crowd,1,0.04526,0.09052,5,0.0,1
Kevin,Tony,1,0.024800000000000003,0.27744794106282356,4,0.0,1
Jim,Warehouse worker,1,0.1366,0.1366,2,0.0,1
Jim,Teammates,1,0.17975,0.17975,2,0.0,1
Michael and Dwight,Warehouse worker,1,0.1366,0.1366,2,0.0,1
Michael and Dwight,Roy,1,0.17020000000000002,0.2406991483159008,3,0.0,1
Roy,Worker,1,-0.08793333333333335,0.09924875593958624,6,0.0,1
Hannah,Tony,1,0.1101,0.1906987939133334,4,0.0,1
Lonny,Worker,1,-0.06595,0.09400817783576064,8,0.0,1
Michael,Worker,1,0.06948499999999999,0.46155761533637385,20,0.0,1
Darryl,Worker,1,-0.028950000000000004,0.15264611852254875,8,0.0,1
Dwight,Worker,1,-0.08793333333333335,0.09924875593958624,6,0.0,1
Pam,Tony,1,0.17616,0.21575105654434235,5,0.0,1
Dwight,Dwight:,1,0.09361666666666667,0.13647161385756706,6,0.0,1
Angela,Worker,1,-0.07537142857142858,0.09690168381679759,7,0.0,1
Angela,Lonny,1,0.0,0.0,5,0.0,1
Andy,Cece,1,0.17713636363636365,0.2129212029782049,11,0.0,1
Cece,Kelly,1,0.12259999999999999,0.21691090913091485,8,0.0,1
Kevin,Male voice,1,-0.06634999999999999,0.42755,2,0.0,1
All,Cece,1,0.05741428571428571,0.14063570394636565,7,0.0,1
Emergency Operator,Jim,1,0.25115,0.25115,2,0.0,1
Dwight,Emergency Operator,1,-0.36265000000000003,0.382299133532892,4,0.0,1
Emergency Operator,Nellie,1,0.29295,0.29295,2,0.0,1
Male voice,Pam,1,0.3668,0.005599999999999994,2,0.0,1
Male voice,Michael,1,0.1719375,0.40959834270142015,8,0.0,1
Kelly,Male voice,1,0.24080000000000001,0.17027131290972064,3,0.0,1
Male voice,Toby,1,0.2192,0.14200000000000002,2,0.0,1
Jim,Male voice,1,0.38155,0.02034999999999998,2,0.0,1
Dwight,Saleswoman,1,0.17143333333333333,0.14802802287254788,3,0.0,1
Bob,Darryl,1,0.18364444444444442,0.2316326695011887,9,0.0,1
"Andy, Darryl & Officer Foley",Erin,1,0.0,0.0,3,0.0,1
Male voice,Meredith,1,0.3286,0.03260000000000002,2,0.0,1
Angela/Pam,Oscar,1,0.1357,0.1357,2,0.0,1
Erin,Wally Amos,1,-0.0666,0.27601944979777543,6,0.0,1
Packer,Wally Amos,1,-0.004559999999999997,0.18008346509327278,5,0.0,1
Nellie,Wally Amos,1,0.17436666666666667,0.30633303046775023,6,0.0,1
Stanley,Wally Amos,1,-0.004559999999999997,0.18008346509327278,5,0.0,1
Andy,Donna Muraski,1,0.25989999999999996,0.3850404446288727,5,0.0,1
Erin,Paramedic,1,0.0,0.0,3,0.0,1
Dwight,Paramedic,1,-0.285325,0.35350688377314526,4,0.0,1
Packer,Paramedic,1,0.100475,0.17402780489048295,4,0.0,1
Jim,Paramedic,1,-0.19063333333333332,0.269596245440391,3,0.0,1
Paramedic,Ryan,1,0.0,0.0,3,0.0,1
Everyone,Packer,1,0.212025,0.3672380724747912,4,0.0,1
Martin,Phyllis,1,0.12040000000000001,0.17027131290972067,3,0.0,1
Hannah,Toby,1,-0.23835,0.23835,2,0.0,1
Blogger,Cathy,1,0.20473333333333332,0.14505174555615968,3,0.0,1
Martin,Toby,1,0.0,0.0,3,0.0,1
Andy,Carol,1,0.03238571428571429,0.2008556868469885,7,0.0,1
Angela,Brandon,1,-0.044475,0.07703295966662584,4,0.0,1
Andy,Martin,1,-0.4847,0.025900000000000034,2,0.0,1
Angela,Martin,1,-0.3043,0.21966806777499548,3,0.0,1
Kevin,Martin,1,0.03196249999999999,0.26997053513994823,8,0.0,1
Jim and Pam,Michael,1,0.058383333333333336,0.26062340273957657,12,0.0,1
Ed,Michael,1,0.2516277777777778,0.41546695523839405,18,0.0,1
Michael and Dwight,Oscar,1,0.0,0.0,3,0.0,1
Creed,Pam and others,1,0.0,0.0,2,0.0,1
Michael,Pam and others,1,0.0,0.0,3,0.0,1
Brandon,Oscar,1,0.2308375,0.30991812199958557,8,0.0,1
Pam and others,Toby,1,-0.148,0.148,2,0.0,1
Dwight,Gil,1,0.27696,0.3435284360864469,5,0.0,1
Erin,Waitress,1,-0.24056666666666662,0.1759205565652355,6,0.0,1
Girl,Kelly,1,-0.08335,0.2986030573074116,6,0.0,1
Kelly,Lady,1,0.14824285714285712,0.34977412244860806,7,0.0,1
Girl,Toby,1,-0.24529999999999996,0.3323582605161685,6,0.0,1
Lady,Toby,1,0.009428571428571423,0.4561862799787126,7,0.0,1
Girl,Oscar,1,-0.08053333333333333,0.2290969202955135,6,0.0,1
Lady,Oscar,1,0.15065714285714285,0.2996431680570497,7,0.0,1
Dwight,Patty,1,0.39580000000000004,0.24230095955237158,4,0.0,1
Dwight,Lady Blogger,1,0.295325,0.29625940807846085,4,0.0,1
Lady Blogger,Patty,1,0.20095,0.20095,2,0.0,1
Angela,Phylis,1,0.0,0.0,2,0.0,1
Blogger,Blogger 2,1,0.09263333333333333,0.09683567983387574,3,0.0,1
Blogger 2,Dwight,1,0.4512,0.3996,2,0.0,1
Blogger,Jim,1,0.2989,0.2725378597553008,4,0.0,1
Blogger 2,Jim,1,0.3403,0.29354782688118586,3,0.0,1
Blogger,Nellie,1,0.05470000000000001,0.45060371059280013,5,0.0,1
Blogger 2,Nellie,1,0.0247,0.49477001728075637,4,0.0,1
Hooter's Girls,Jim,1,0.2591,0.37875249834159513,8,0.0,1
Dana,Hooter's Girls,1,0.02827500000000001,0.2172677768906379,4,0.0,1
Angela,Others,1,0.31135999999999997,0.1737629833998024,5,0.0,1
Kelly,Others,1,0.2571666666666667,0.42239169288969486,6,0.0,1
Others,Toby,1,0.15716249999999998,0.2066632583304299,8,0.0,1
Oscar,Others,1,0.1351,0.1609,2,0.0,1
Crowd,Ryan,1,0.0,0.0,2,0.0,1
Erin,Old Lady,1,-0.06833750000000004,0.5552375863932034,8,0.0,1
Blogger,Stanley,1,0.0,0.0,2,0.0,1
Girl,Kevin,1,-0.22831666666666664,0.3279135577997484,6,0.0,1
Girl,Lady,1,0.04066666666666666,0.3504334997938664,9,0.0,1
Girl,Pam,1,0.0,0.3131767232729789,7,0.0,1
Lady,Pam,1,0.19222499999999998,0.3210360445105814,8,0.0,1
Darryl,Girl,1,-0.052116666666666665,0.2587212683994538,6,0.0,1
Darryl,Lady,1,0.1750142857142857,0.30167772979300483,7,0.0,1
Andy,Lady,1,0.1308875,0.3863447503121402,8,0.0,1
Glenn,Jim,1,0.07224,0.14448,5,0.0,1
Irene,Jim,1,0.04013333333333333,0.11351420860648043,9,0.0,1
Everybody,Karen,1,-0.11729999999999999,0.26579114921306163,4,0.0,1
Cindy,Man,1,0.0386,0.0386,2,0.0,1
Cindy,Dwight,1,0.1403,0.2806,5,0.0,1
Alonzo,Erin,1,0.30467500000000003,0.32725969332473565,4,0.0,1
Robert,Todd Packer,1,0.17078571428571426,0.5094279184356042,7,0.0,1
Cindy,Jim,1,-0.10998000000000001,0.21996000000000002,5,0.0,1
Andy,Hannah,1,-0.23835,0.23835,2,0.0,1
Chef,Dwight,1,0.35244000000000003,0.19651647869835245,5,0.0,1
Roy,Warehouse worker,1,0.2612666666666667,0.2086222956019376,3,0.0,1
Pam,Warehouse worker,1,0.39935,0.12614999999999998,2,0.0,1
Dwight,Woman at bar,1,0.33045,0.2141392245713055,4,0.0,1
Chef,Woman at bar,1,0.1468,0.20760655095637034,3,0.0,1
Teammates,Warehouse worker,1,0.31635,0.043149999999999994,2,0.0,1
Roy,Teammates,1,0.29003333333333337,0.21416084816998857,3,0.0,1
Pam,Teammates,1,0.4425,0.08299999999999999,2,0.0,1
Michael,Teammates,1,0.30003333333333326,0.2878356128070326,9,0.0,1
Dwight,Teammates,1,0.13554,0.16651488341887039,5,0.0,1
Elderly Woman,Erin,1,0.36400000000000005,0.28300389867750353,3,0.0,1
Kevin,Others,1,0.3286,0.03260000000000002,2,0.0,1
Lauren,Party guests,1,-0.16419999999999998,0.2322138669416622,3,0.0,1
Michael,Other waitress,1,0.32602000000000003,0.33268753147660945,5,0.0,1
Phyllis,Second Cindy,1,0.13396666666666665,0.18945747690591563,3,0.0,1
Dwight,Second Cindy,1,0.0,0.0,3,0.0,1
Kevin,Kevin & Meredith,1,0.20095,0.20095,2,0.0,1
Kevin & Meredith,Pam,1,0.1603,0.17385467110971353,3,0.0,1
Dwight,Kevin & Meredith,1,0.27446666666666664,0.19424212267740026,3,0.0,1
Kevin & Meredith,Robert,1,0.1414153846153846,0.3261989667628636,13,0.0,1
Kevin & Meredith,Nellie,1,0.04028461538461538,0.46764248317598983,13,0.0,1
Kevin & Meredith,Stanley,1,0.20095,0.20095,2,0.0,1
Kevin & Meredith,Oscar,1,-0.03586666666666666,0.37294083832276786,3,0.0,1
Andy,Second Cindy,1,0.0,0.0,3,0.0,1
Kelly,Nellie,1,0.6528499999999999,0.027949999999999975,2,0.0,1
Creed,Magician,1,-0.4176666666666667,0.33213179445649116,3,0.0,1
Angela,Second Cindy,1,-0.054279999999999995,0.23609822871000113,5,0.0,1
Darryl,Hannah,1,-0.013925000000000007,0.3041980224705611,4,0.0,1
Magician,Oscar,1,0.07227499999999998,0.4406170978014811,4,0.0,1
Hannah,Kelly,1,-0.026800000000000004,0.26791924156357266,4,0.0,1
Darryl,Everybody,1,0.100475,0.17402780489048295,4,0.0,1
Everybody,Hannah,1,-0.2288,0.2288,2,0.0,1
Everybody,Kelly,1,0.0876,0.11169494169388335,4,0.0,1
Guy,Ryan,1,0.0,0.0,4,0.0,1
Guy,Julius,1,0.230775,0.39971402511670767,4,0.0,1
Guy,Stanley,1,0.172525,0.2988220655758206,4,0.0,1
Erin,Party guests,1,0.0,0.0,4,0.0,1
Jessica,Party guests,1,-0.0193,0.03342858058607934,4,0.0,1
Megan,Party guests,1,-0.024333333333333335,0.29840253945895895,6,0.0,1
Andy,Party guests,1,0.22414,0.27570107435409097,10,0.0,1
Megan,Various,1,-0.27402499999999996,0.2896566620587208,4,0.0,1
Erin,Woman,1,0.0,0.0,3,0.0,1
Jessica,Woman,1,0.0,0.0,3,0.0,1
Various,Woman,1,-0.13843333333333332,0.19577429748451547,3,0.0,1
Megan,Woman,1,-0.22693333333333332,0.32093219775453435,3,0.0,1
Kenny,Various,1,-0.21404,0.3166307035017293,5,0.0,1
Kenny,Megan,1,-0.26714,0.36456447221307786,5,0.0,1
Lauren,Various,1,0.023419999999999996,0.3010585883179551,5,0.0,1
Lauren,Woman,1,0.1331,0.23053596248741756,4,0.0,1
Kenny,Lauren,1,-0.020416666666666666,0.3739017804034756,6,0.0,1
Kevin,Magician,1,0.14724444444444446,0.35111481538130357,9,0.0,1
Dwight,Magician,1,0.06870000000000001,0.23692137936454785,10,0.0,1
Kenny,Phyllis,1,0.42546666666666666,0.34145888316002104,3,0.0,1
Angela,Magician,1,0.10933333333333332,0.4995095550192764,3,0.0,1
Karen,Kenny,1,0.70395,0.13205,2,0.0,1
All,Magician,1,-0.2008,0.49108877507025145,4,0.0,1
Erin,Robert & Creed,1,0.13996666666666666,0.1979427582801542,3,0.0,1
Andy,Robert & Creed,1,0.21075,0.21075,2,0.0,1
Dwight,Robert & Creed,1,-0.13396666666666665,0.18945747690591563,3,0.0,1
Angela,Robert & Creed,1,-0.24463333333333334,0.34596377780853815,3,0.0,1
All,Robert & Creed,1,0.0,0.0,2,0.0,1
Creed,Robert & Creed,1,0.0,0.0,2,0.0,1
Nellie,Robert & Creed,1,-0.023249999999999993,0.2523789660411501,4,0.0,1
Oscar,Robert & Creed,1,0.11333333333333334,0.1602775370689508,3,0.0,1
Jim,Ravi,1,-0.27495,0.27495,2,0.0,1
Pam,Ravi,1,-0.20775000000000005,0.34215,2,0.0,1
Andy,Buyer,1,0.029100000000000004,0.23186817067339915,7,0.0,1
Andy & Erin,Kevin,1,0.40745,0.3160998378677218,4,0.0,1
Andy & Erin,Erin,1,0.12040000000000001,0.17027131290972064,3,0.0,1
Erin,Various,1,-0.103825,0.17983017509583868,4,0.0,1
Jessica,Various,1,-0.103825,0.17983017509583868,4,0.0,1
Erin,Senator,1,0.1691,0.1691,2,0.0,1
Andy,Senator,1,-0.042485714285714286,0.3553953429575553,7,0.0,1
Erin,Speaker,1,0.6411,0.3029,2,0.0,1
Andy,Speaker,1,0.09237142857142856,0.4968737744690315,7,0.0,1
Senator,Speaker,1,0.472,0.472,2,0.0,1
Robert,Senator,1,0.5496333333333333,0.4069886757911358,6,0.0,1
Robert,Speaker,1,0.7069666666666666,0.34125852695899367,6,0.0,1
Andy,Waiter,1,0.06583636363636364,0.37709674493599427,11,0.0,1
Pam,Wrangler,1,-0.14836,0.29672,5,0.0,1
Angela,Wrangler,1,-0.034275,0.2896507498264073,4,0.0,1
Kelly,Wrangler,1,0.2826625,0.33367546709902124,8,0.0,1
Jim,Wrangler,1,0.209675,0.2501954373584778,4,0.0,1
Ryan,Wrangler,1,0.134375,0.33051625810994534,12,0.0,1
Nate,Ryan,1,0.0383,0.46342804547559846,9,0.0,1
Kevin,Robert & Creed,1,0.0,0.0,2,0.0,1
Andy,Receptionist,1,0.10077142857142858,0.14521460684385826,7,0.0,1
Mr. Ramish,Receptionist,1,0.1047,0.1565049306997493,6,0.0,1
Buyer,Michael,1,-0.07354999999999999,0.3408524204109456,8,0.0,1
Harry,Robert,1,0.047400000000000005,0.1967107121783516,14,0.0,1
Harvey,Jim,1,0.13675,0.24918733271519697,14,0.0,1
Harvey,Pam,1,0.1761,0.30942744168329134,12,0.0,1
Harvey,Michael,1,-0.007438461538461543,0.2954824387296699,13,0.0,1
Erin,Harry,1,-0.17174,0.2636906945646736,5,0.0,1
Kevin,Vet,1,-0.03575714285714287,0.46518259658253047,7,0.0,1
Erin,Vet,1,0.2670833333333333,0.314499610050986,6,0.0,1
Pam,Vet,1,0.29961666666666664,0.2993342246645972,6,0.0,1
Jim,Vet,1,0.31157,0.27736808774622934,10,0.0,1
Jim,Speaker,1,0.49446666666666667,0.35741461762061283,6,0.0,1
Meredith,Senator,1,0.54475,0.12484999999999999,2,0.0,1
Jan,Someone,1,0.38530000000000003,0.361144950123908,4,0.0,1
Angela,Mose,1,0.12438,0.24875999999999998,5,0.0,1
Others,Phyllis,1,0.21075,0.21075,2,0.0,1
David,Others,1,0.21911,0.2985404644265162,10,0.0,1
Jim,Others,1,0.0,0.0,2,0.0,1
Others,Robert,1,0.10413333333333334,0.24345082095204,3,0.0,1
Others,Stanley,1,-0.20095,0.20095,2,0.0,1
Phyllis,Senator Lipton,1,0.2942,0.17979555055673654,4,0.0,1
Calvin,Darryl,1,0.1960222222222222,0.37165014545575514,9,0.0,1
Calvin,Hide,1,-0.07774,0.3889355812984973,5,0.0,1
Jake,Meredith,1,0.22715,0.35875,2,0.0,1
Second Cindy,Stanley,1,0.1806,0.1806,2,0.0,1
Phone,Robert,1,0.10100714285714285,0.3564533579271642,14,0.0,1
Andy,Andy and Michael,1,0.2235,0.3160767311903867,3,0.0,1
Andy and Michael,Both,1,0.2235,0.3160767311903867,3,0.0,1
Angela,Ben Franklin,1,0.42494,0.26669682862756355,5,0.0,1
Michael and Dwight,Teammates,1,0.17975,0.17975,2,0.0,1
Ben Franklin,Meredith,1,0.37744,0.2406584683737516,5,0.0,1
Karen,Packer,1,0.08654444444444444,0.35554201849230177,9,0.0,1
Andy,Marcy,1,0.5319714285714285,0.29662663744312706,7,0.0,1
Dwight,Paris,1,-0.013033333333333322,0.2652777496218717,9,0.0,1
Dwight,Lady,1,0.40357499999999996,0.14336110656311216,4,0.0,1
Dwight,Staples Guy,1,0.33575,0.08574999999999999,2,0.0,1
Michael,Travel Agent,1,0.6142,0.23733896997051848,3,0.0,1
Man,Phone,1,0.185,0.21524562713328232,4,0.0,1
Dwight,Phone,1,0.357325,0.2289062185153562,4,0.0,1
Kelly,Man,1,0.09752000000000001,0.12087584374059195,5,0.0,1
Kelly,Phone,1,0.26626666666666665,0.2146313014347058,3,0.0,1
Pam,Phone,1,0.059666666666666666,0.32403605337815244,12,0.0,1
Dwight,Mr. Ramish,1,0.09999,0.273448146638444,10,0.0,1
Harry,Mr. Ramish,1,-0.011616666666666664,0.1516674038443623,6,0.0,1
Jim,Mr. Ramish,1,-0.011616666666666664,0.1516674038443623,6,0.0,1
Jim,Phone,1,0.3089799999999999,0.2561208808355929,5,0.0,1
Julius,Ryan,1,0.15385000000000001,0.3440190583383427,6,0.0,1
Julius,Stanley,1,0.26886666666666664,0.38613812583351864,6,0.0,1
Crowd,Randy,1,0.21973333333333334,0.3634057450778064,3,0.0,1
Jim,Mr. Brown,1,0.48773333333333335,0.13970670070623753,3,0.0,1
Man on Phone,Michael,1,0.04031428571428571,0.3312929925893023,7,0.0,1
Man,Stanley,1,0.07905999999999999,0.21418649443884177,5,0.0,1
Crowd,Unknown,1,0.23835,0.23835,2,0.0,1
Jim,Off-camera,1,0.3365333333333333,0.07403230526075913,3,0.0,1
Off-camera,Pam,1,0.25751999999999997,0.2633514943948487,5,0.0,1
Angela,Doctor,1,0.0,0.0,2,0.0,1
Fake Jim,Pam,1,0.13167142857142858,0.3329704221711237,7,0.0,1
Dwight,Voicemail,1,0.08117142857142857,0.12963114390218022,7,0.0,1
Fake Jim,Voicemail,1,0.1549875,0.31751553283855266,8,0.0,1
Pam,Voicemail,1,0.10606666666666666,0.1500009185157063,3,0.0,1
Jim,Kenny,1,0.24555999999999994,0.3425490189739273,10,0.0,1
Jim,Server,1,0.07224,0.14448,5,0.0,1
Pam,Server,1,0.19418571428571432,0.239826082392884,7,0.0,1
Dwight,Uncle Al,1,0.14053749999999998,0.2311510866159837,8,0.0,1
Andy,Rafe,1,0.2814,0.3979596964517889,3,0.0,1
Jim,"[repeats]
Andy: Fail",1,0.0,0.0,4,0.0,1
"Group: Dunder Mifflin!
Andy: Andy Bernard presents: Summer Softball Epic Fails! [Kevin swings bat on screen, fart noise follows] Fail. [repeats] Fail","[Clark and Pete are shown on screen]
Video Andy: Hey, I'm Pete, puberty is such a drag, man. And I'm Clark! I like to eat toilet paper. [Clark and Pete wave at camera] We fail! [Video shows memorial of Jerry",1,0.0,0.0,2,0.0,1
"Group: Dunder Mifflin!
Andy: Andy Bernard presents: Summer Softball Epic Fails! [Kevin swings bat on screen, fart noise follows] Fail. [repeats] Fail","[repeats]
Andy: Fail",1,0.0,0.0,2,0.0,1
Darryl,"Group: Dunder Mifflin!
Andy: Andy Bernard presents: Summer Softball Epic Fails! [Kevin swings bat on screen, fart noise follows] Fail. [repeats] Fail",1,0.19063333333333332,0.269596245440391,3,0.0,1
Andy,"Group: Dunder Mifflin!
Andy: Andy Bernard presents: Summer Softball Epic Fails! [Kevin swings bat on screen, fart noise follows] Fail. [repeats] Fail",1,-0.08291250000000001,0.5434932806334868,8,0.0,1
Dwight,"Group: Dunder Mifflin!
Andy: Andy Bernard presents: Summer Softball Epic Fails! [Kevin swings bat on screen, fart noise follows] Fail. [repeats] Fail",1,-0.2924,0.2924,2,0.0,1
Group,"Group: Dunder Mifflin!
Andy: Andy Bernard presents: Summer Softball Epic Fails! [Kevin swings bat on screen, fart noise follows] Fail. [repeats] Fail",1,-0.45385,0.45385,2,0.0,1
"Group: Dunder Mifflin!
Andy: Andy Bernard presents: Summer Softball Epic Fails! [Kevin swings bat on screen, fart noise follows] Fail. [repeats] Fail",Jim,1,0.0,0.0,4,0.0,1
Oscar,"[Clark and Pete are shown on screen]
Video Andy: Hey, I'm Pete, puberty is such a drag, man. And I'm Clark! I like to eat toilet paper. [Clark and Pete wave at camera] We fail! [Video shows memorial of Jerry",1,0.0,0.0,2,0.0,1
Oscar,"[repeats]
Andy: Fail",1,0.0,0.0,2,0.0,1
"Group: Dunder Mifflin!
Andy: Andy Bernard presents: Summer Softball Epic Fails! [Kevin swings bat on screen, fart noise follows] Fail. [repeats] Fail",Oscar,1,0.0,0.0,2,0.0,1
Nellie and Pam,Pam,1,0.10659999999999999,0.31181569556390193,5,0.0,1
Andy,Nellie and Pam,1,0.0,0.0,2,0.0,1
Jim,Nellie and Pam,1,0.1706,0.1706,2,0.0,1
Nellie,Nellie and Pam,1,0.414525,0.27284881688400264,4,0.0,1
Dwight,Fake Jim,1,0.10651818181818182,0.2755390281485689,11,0.0,1
Andy,"Phyllis, Kevin & Stanley",1,0.1262,0.17847375157148457,3,0.0,1
Dwight,"Phyllis, Kevin & Stanley",1,0.018379999999999997,0.17365126432018857,5,0.0,1
Angela,"Phyllis, Kevin & Stanley",1,0.1591,0.1591,2,0.0,1
Jim,"Phyllis, Kevin & Stanley",1,0.1668153846153846,0.3500204122534611,13,0.0,1
"Phyllis, Kevin & Stanley",Stanley,1,-0.074,0.1281717597600969,4,0.0,1
"[Clark and Pete are shown on screen]
Video Andy: Hey, I'm Pete, puberty is such a drag, man. And I'm Clark! I like to eat toilet paper. [Clark and Pete wave at camera] We fail! [Video shows memorial of Jerry","[repeats]
Andy: Fail",1,0.0,0.0,2,0.0,1
Darryl,"[Clark and Pete are shown on screen]
Video Andy: Hey, I'm Pete, puberty is such a drag, man. And I'm Clark! I like to eat toilet paper. [Clark and Pete wave at camera] We fail! [Video shows memorial of Jerry",1,0.19063333333333332,0.269596245440391,3,0.0,1
Darryl,"[repeats]
Andy: Fail",1,0.19063333333333332,0.269596245440391,3,0.0,1
Andy,"[Clark and Pete are shown on screen]
Video Andy: Hey, I'm Pete, puberty is such a drag, man. And I'm Clark! I like to eat toilet paper. [Clark and Pete wave at camera] We fail! [Video shows memorial of Jerry",1,-0.0829125,0.5434932806334868,8,0.0,1
Andy,"[repeats]
Andy: Fail",1,-0.08291250000000001,0.5434932806334868,8,0.0,1
Dwight,"[Clark and Pete are shown on screen]
Video Andy: Hey, I'm Pete, puberty is such a drag, man. And I'm Clark! I like to eat toilet paper. [Clark and Pete wave at camera] We fail! [Video shows memorial of Jerry",1,-0.2924,0.2924,2,0.0,1
Dwight,"[repeats]
Andy: Fail",1,-0.2924,0.2924,2,0.0,1
Group,"[Clark and Pete are shown on screen]
Video Andy: Hey, I'm Pete, puberty is such a drag, man. And I'm Clark! I like to eat toilet paper. [Clark and Pete wave at camera] We fail! [Video shows memorial of Jerry",1,-0.45385,0.45385,2,0.0,1
Group,"[repeats]
Andy: Fail",1,-0.45385,0.45385,2,0.0,1
Bob Vance,Priest,1,0.0843,0.1686,5,0.0,1
Jim,"[Clark and Pete are shown on screen]
Video Andy: Hey, I'm Pete, puberty is such a drag, man. And I'm Clark! I like to eat toilet paper. [Clark and Pete wave at camera] We fail! [Video shows memorial of Jerry",1,0.0,0.0,4,0.0,1
Businessman #2,Jim,1,0.3863875,0.3128164295457481,8,0.0,1
Businessman #1,Businessman #2,1,0.25778,0.5294997238903907,5,0.0,1
Businessman #3,Jim,1,0.2852625,0.29755585163755394,8,0.0,1
Businessman #1,Businessman #3,1,0.09598,0.46263586285544267,5,0.0,1
Businessman #2,Businessman #3,1,0.31,0.3145320386436545,6,0.0,1
Michael,Priest,1,0.11998571428571428,0.18971588101738895,7,0.0,1
Phyllis,Priest,1,0.0843,0.1686,5,0.0,1
Andy,HCT Member #2,1,0.021099999999999976,0.38526608986517363,7,0.0,1
Andy,HCT Member #1,1,0.06728333333333332,0.4045977237399582,6,0.0,1
HCT Member #1,HCT Member #2,1,-0.08533333333333333,0.06033977866125206,3,0.0,1
Clark,Group,1,-0.07189999999999999,0.1438,5,0.0,1
Kevin,"Phyllis, Kevin & Stanley",1,0.0,0.0,2,0.0,1
Erin,"Phyllis, Kevin & Stanley",1,0.2723,0.19664955292770603,3,0.0,1
Phyllis,"Phyllis, Kevin & Stanley",1,0.0,0.0,2,0.0,1
Clark,"Phyllis, Kevin & Stanley",1,0.08380000000000001,0.24289829970586455,5,0.0,1
Pam,"Phyllis, Kevin & Stanley",1,0.37476,0.1929587790176959,5,0.0,1
Broccoli Rob,Erin,1,0.1978888888888889,0.3902773983390801,9,0.0,1
Clark,HCT,1,0.28973333333333334,0.21345821344911725,3,0.0,1
Darryl,HCT,1,0.1806,0.1806,2,0.0,1
Dwight,HCT,1,0.3715,0.010299999999999976,2,0.0,1
Clark,HCT Member #3,1,0.1562375,0.20612689015203717,8,0.0,1
Darryl,HCT Member #3,1,0.10598571428571428,0.16839274185725486,7,0.0,1
Dwight,HCT Member #3,1,0.1605285714285714,0.18612933072222132,7,0.0,1
HCT,Stanley,1,0.15480000000000002,0.20640000000000003,2,0.0,1
HCT Member #3,Stanley,1,0.09861428571428572,0.17390996380369952,7,0.0,1
Angela,Elizabeth,1,0.3584333333333334,0.22850494281062916,3,0.0,1
Erin,HCT Member #3,1,0.21602000000000002,0.19545264797387626,5,0.0,1
HCT Member #3,Pete,1,0.0,0.0,3,0.0,1
Bob Vance,Elizabeth,1,0.0188375,0.22343871608060675,8,0.0,1
Elizabeth,Kevin,1,0.037675,0.0973527445683993,4,0.0,1
Kevin,Usher,1,0.07543333333333334,0.10667884305501046,3,0.0,1
Businessman #1,Jim,1,0.2444285714285714,0.46368341328443274,7,0.0,1
Elizabeth,Jim,1,0.0813142857142857,0.12871349611300537,7,0.0,1
Business partner,Meredith,1,-0.100475,0.17402780489048295,4,0.0,1
Hank,Meredith,1,0.0,0.0,4,0.0,1
Business partner,Hank,1,-0.06698333333333333,0.1497792866928609,6,0.0,1
Business Student #1,Business Student #3,1,-0.09866666666666667,0.13953573815414536,3,0.0,1
Business partner,Kevin,1,0.1388888888888889,0.22508392234623384,9,0.0,1
David,Nellie,1,0.14890000000000003,0.3899192672849086,4,0.0,1
Kevin,Senator Liptop,1,0.4421857142857143,0.23277707562982985,7,0.0,1
Angela,Senator Liptop,1,0.3266166666666667,0.33340919011862225,6,0.0,1
Oscar,Senator Liptop,1,0.21034285714285716,0.46503539606339295,7,0.0,1
Cathy,Phyllis,1,0.0,0.0,2,0.0,1
Business Student #2,Business Student #3,1,-0.0129,0.02234345541763852,4,0.0,1
Business Student #3,Michael,1,0.06820000000000001,0.3126703649898039,7,0.0,1
Business Student #1,Ryan,1,0.0,0.0,3,0.0,1
Andy,White,1,0.32003333333333334,0.6743644629492934,3,0.0,1
College Student,Michael,1,0.0,0.0,2,0.0,1
Jim,Limo Driver,1,0.20471999999999996,0.26193998854699524,5,0.0,1
Jim,Worker,1,0.11885714285714286,0.34936984029266527,7,0.0,1
Pam,Worker,1,0.43355999999999995,0.3576348562430681,5,0.0,1
Michael,Uncle Al,1,0.4183,0.3250766371180802,7,0.0,1
Kevin,Trevor,1,0.1619,0.28041902574540123,4,0.0,1
Meredith,Trevor,1,0.0,0.0,2,0.0,1
Michael,Randy,1,0.38356666666666667,0.5195631519737411,3,0.0,1
Phyllis,Waiter,1,0.0,0.0,3,0.0,1
Randy,Unknown,1,0.06083333333333333,0.3176446896909956,3,0.0,1
Michael,Unknown,1,0.4841,0.4841,2,0.0,1
Colin,Jim,1,-0.07195,0.3622301202274598,8,0.0,1
Clark,Jan,1,0.08222857142857143,0.1348703686008554,7,0.0,1
Everyone,Kenny,1,0.24546666666666664,0.1833089438322334,3,0.0,1
Jan,Molly,1,0.05044285714285714,0.2420607146809179,14,0.0,1
Angela,Kenny,1,0.054966666666666664,0.2948380384022538,3,0.0,1
Dennis,Jim,1,0.40888,0.28536502168275635,10,0.0,1
Pam,Wade,1,0.23963333333333334,0.20132398984941882,3,0.0,1
Athlead Employee,Wade,1,0.28315,0.05685000000000001,2,0.0,1
Darryl,Wade,1,-0.033049999999999996,0.25934999999999997,2,0.0,1
Dennis,Wade,1,0.23210000000000003,0.2266923576126906,4,0.0,1
Jim,Wade,1,0.451625,0.25880094063778053,8,0.0,1
Kelly,Kenny,1,0.23786666666666667,0.18152019783545362,3,0.0,1
Michael,Student 3,1,0.24593749999999998,0.21693820512705916,8,0.0,1
Both,Pam,1,0.27076666666666666,0.38292189223855505,3,0.0,1
Helene,Meredith,1,0.12266666666666666,0.17347686365109968,3,0.0,1
Julius,Julius Irving,1,0.44605999999999996,0.13675513299324454,5,0.0,1
Jim,Julius Irving,1,0.2431666666666667,0.23640370837474892,9,0.0,1
Student 1,Student 3,1,0.148,0.148,2,0.0,1
Julius Irving,Pam,1,-0.08394999999999998,0.4063011783148062,4,0.0,1
Julius,Pam,1,0.1448142857142857,0.4212511786454776,7,0.0,1
3rd Athlead Employee,Darryl,1,0.3015,0.3840488979283758,5,0.0,1
4th Athlead Employee,Jim,1,0.3575333333333333,0.28253945250570267,3,0.0,1
3rd Athlead Employee,Jim,1,0.12726666666666667,0.17998224603801585,3,0.0,1
4th Athlead Employee,Female Athlead Employee,1,0.3454,0.3454,2,0.0,1
Michael,Student 1,1,0.2089375,0.230088156678587,8,0.0,1
Student 2,Student 3,1,0.04933333333333333,0.11031268688998962,6,0.0,1
3rd Athlead Employee,Female Athlead Employee,1,0.0,0.0,2,0.0,1
Female Athlead Employee,Jim,1,0.12726666666666667,0.17998224603801585,3,0.0,1
Michael,Student 2,1,0.13929166666666665,0.21211975571334435,12,0.0,1
Artist,Pam,1,0.09134444444444442,0.21417531298298137,9,0.0,1
Artist,Michael,1,0.32747000000000004,0.32139497522518923,10,0.0,1
Roy,Woman,1,0.19845000000000002,0.2806604220405863,6,0.0,1
David,Man,1,0.0,0.0,3,0.0,1
Dennis,Pam,1,0.23894,0.25574236723703014,5,0.0,1
Athlead Employee,Dennis,1,0.260525,0.23126529544010707,4,0.0,1
Darryl,Dennis,1,0.10242500000000002,0.32146612865899266,4,0.0,1
Kevin,Mr. Romanko,1,0.14800000000000002,0.42571898712648465,5,0.0,1
Erin,Mr. Romanko,1,-0.1332,0.4694229862288382,4,0.0,1
Mr. Romanko,Phyllis,1,-0.005549999999999989,0.4158019811160115,4,0.0,1
Angela,Mr. Romanko,1,0.003059999999999996,0.5397339181485633,5,0.0,1
Darryl,Mr. Romanko,1,0.08668333333333333,0.3959574152888442,6,0.0,1
Dwight,Mr. Romanko,1,0.08946000000000001,0.483967867115163,10,0.0,1
Creed,Mr. Romanko,1,-0.005549999999999989,0.4158019811160115,4,0.0,1
Mr. Romanko,Nellie,1,0.22382,0.38554346266017786,10,0.0,1
Mr. Romanko,Stanley,1,0.07167500000000002,0.4377665894914778,4,0.0,1
Co-worker #2,Jim,1,0.2591333333333334,0.22618034593856493,3,0.0,1
Man,Rachel,1,0.0903,0.15640418792346963,4,0.0,1
Co-worker,Co-worker #2,1,0.27555,0.27555,2,0.0,1
4th Athlead Employee,Athlead Employee,1,0.43529999999999996,0.3559625148804295,5,0.0,1
4th Athlead Employee,Darryl,1,0.43966000000000005,0.3748810723416161,5,0.0,1
3rd Athlead Employee,4th Athlead Employee,1,0.3454,0.3454,2,0.0,1
3rd Athlead Employee,Athlead Employee,1,0.29714,0.36395369815403716,5,0.0,1
Dance Teacher,Pam,1,0.21684,0.3341162827519784,5,0.0,1
Parent in Audience,Parent in audience #2,1,-0.25475,0.25475,2,0.0,1
Audience,Parent in audience #2,1,-0.25475,0.25475,2,0.0,1
Pam,Parent in audience #2,1,0.11494000000000001,0.4442523183957513,5,0.0,1
Dance Teacher,Parent in audience #2,1,-0.25475,0.25475,2,0.0,1
Parent in Audience,Parent in audience #1,1,-0.07565,0.07565,2,0.0,1
Audience,Parent in audience #1,1,-0.07565,0.07565,2,0.0,1
Pam,Parent in audience #1,1,0.18658000000000002,0.35835669046356594,5,0.0,1
Dance Teacher,Parent in audience #1,1,-0.07565,0.07565,2,0.0,1
Parent in audience #1,Parent in audience #2,1,-0.33039999999999997,0.17909999999999998,2,0.0,1
Ballerinas,Parent in Audience,1,0.0,0.0,3,0.0,1
Audience,Ballerinas,1,0.0,0.0,3,0.0,1
Ballerinas,Pam,1,0.1807,0.31552903722689823,6,0.0,1
Ballerinas,Dance Teacher,1,0.0,0.0,3,0.0,1
Ballerinas,Parent in audience #2,1,-0.1698333333333333,0.24018060334303062,3,0.0,1
Ballerinas,Parent in audience #1,1,-0.05043333333333333,0.07132350399568309,3,0.0,1
Cameraman,Meredith,1,0.2202,0.2202,2,0.0,1
Brian,Creed,1,0.14386666666666667,0.24679127258114744,6,0.0,1
Co-worker,Creed,1,0.0,0.0,2,0.0,1
Cameraman,Creed,1,0.0,0.0,2,0.0,1
Darryl,Drive Thru Customer,1,-0.4243,0.1283,2,0.0,1
Drive Thru Customer,Dwight,1,0.18406666666666668,0.5589640556919161,3,0.0,1
Darryl,Fast Food Worker,1,0.07224,0.14448,5,0.0,1
Dwight,Fast Food Worker,1,0.08705714285714285,0.28189089002227624,7,0.0,1
Darryl,Lonnie,1,0.0,0.0,3,0.0,1
Investor,Jim,1,0.13396666666666665,0.18945747690591563,3,0.0,1
Co-worker,Investor,1,0.36005,0.04185,2,0.0,1
Audience,Parent in Audience,1,0.0,0.0,2,0.0,1
Pam,Parent in Audience,1,0.21684,0.3341162827519784,5,0.0,1
Audience,Pam,1,0.21684,0.3341162827519784,5,0.0,1
Dance Teacher,Parent in Audience,1,0.0,0.0,2,0.0,1
Audience,Dance Teacher,1,0.0,0.0,2,0.0,1
Melvina,Nate,1,0.26733333333333337,0.37806642567440746,3,0.0,1
Karen,Man,1,-0.06933333333333332,0.5764124063743096,3,0.0,1
Pam,Rolf,1,0.44299999999999995,0.21669999999999998,2,0.0,1
Karen,Rachel,1,0.03064000000000001,0.4768535439734091,5,0.0,1
Clark,Rolf,1,0.08275,0.36469217841900586,8,0.0,1
Brian,Erin,1,0.10934444444444444,0.19106588806023672,9,0.0,1
Brian,Co-worker,1,0.14386666666666667,0.24679127258114744,6,0.0,1
Co-worker,Pam,1,0.172765,0.2846425728435576,20,0.0,1
Brian,Cameraman,1,0.14386666666666667,0.24679127258114744,6,0.0,1
Cameraman,Pam,1,0.172765,0.2846425728435576,20,0.0,1
Cameraman,Co-worker,1,0.0,0.0,2,0.0,1
Dan Gore,Dwight,1,-0.17020000000000002,0.24069914831590083,3,0.0,1
Cameraman,Jim,1,0.10989999999999998,0.2967607319036668,15,0.0,1
Lab Tech,Michael,1,0.18256666666666665,0.2548235053696752,6,0.0,1
Co-worker,Meredith,1,0.2202,0.2202,2,0.0,1
Doctor,Dwight,1,-0.021185714285714283,0.18866396755358777,7,0.0,1
Trevor,Zeke,1,-0.1703,0.3596461872451868,3,0.0,1
Wolf,Zeke,1,0.19733333333333333,0.13953573815414536,3,0.0,1
Melvina,Trevor,1,0.045899999999999976,0.5444887326657917,3,0.0,1
Melvina,Wolf,1,0.4135333333333333,0.16621723403091776,3,0.0,1
Billy Merchant,Pam,1,0.1796333333333333,0.38218566459539294,6,0.0,1
Billy Merchant,Kevin,1,0.13045454545454546,0.259377027663089,11,0.0,1
Clark,Gabor,1,0.0,0.0,6,0.0,1
Clark,Zeke,1,0.1398,0.1977107736062959,6,0.0,1
Gabor,Zeke,1,0.2097,0.2097052574448242,4,0.0,1
Clark,Nate,1,0.0,0.0,5,0.0,1
Gabor,Nate,1,0.0,0.0,3,0.0,1
Nate,Zeke,1,0.2796,0.1977144911229321,3,0.0,1
Clark,Melvina,1,0.13366666666666668,0.2988877529924719,6,0.0,1
Gabor,Melvina,1,0.2005,0.3472761869175599,4,0.0,1
Billy Merchant,Kelly,1,0.15736363636363634,0.25980109270092583,11,0.0,1
Glenn,Nellie,1,0.09106666666666667,0.12878771508010986,3,0.0,1
Billy Merchant,Stanley,1,0.11958333333333333,0.25093841486618895,12,0.0,1
Rolf,Sensei Ira,1,0.09012499999999998,0.43198841057949694,4,0.0,1
Rolf,Trevor,1,0.14218,0.38640617179336045,5,0.0,1
Sensei Ira,Trevor,1,0.06533333333333334,0.15032492215937523,3,0.0,1
Dwight,Sensei Ira,1,0.15275555555555556,0.40154563352434697,9,0.0,1
Rolf,Wolf,1,0.08753999999999999,0.38331968694550506,5,0.0,1
Sensei Ira,Wolf,1,-0.025733333333333334,0.03639242900506765,3,0.0,1
Jim,Sensei Ira,1,0.026099999999999995,0.31972979216832453,7,0.0,1
Jim,Trevor,1,0.06663749999999999,0.306902345777529,8,0.0,1
Jim,Wolf,1,0.03248749999999999,0.2970595707829492,8,0.0,1
Nate,Rolf,1,0.109425,0.4257613320570575,4,0.0,1
Nate,Sensei Ira,1,-0.0386,0.0386,2,0.0,1
Nate,Trevor,1,0.09106666666666667,0.12878771508010986,3,0.0,1
Nate,Wolf,1,0.0,0.0,3,0.0,1
Billy Merchant,Ryan,1,0.13045454545454546,0.259377027663089,11,0.0,1
Oscar,Party Guest,1,0.09866666666666667,0.13953573815414536,3,0.0,1
Frank,Toby,1,0.24875000000000003,0.1997370417156851,6,0.0,1
Kevin,Party Announcer,1,0.46055,0.46055,2,0.0,1
Angela,Party Announcer,1,-0.27115,0.27115,2,0.0,1
Everyone,Roy,1,0.17429999999999998,0.11850289447941767,5,0.0,1
Party Announcer,Senator,1,0.40145,0.40145,2,0.0,1
Lonny,Oscar,1,0.056799999999999996,0.16967791842193256,5,0.0,1
Oscar,Party Announcer,1,-0.3474,0.3474,2,0.0,1
Nate,Nellie,1,0.061960000000000015,0.37620661663506133,5,0.0,1
Glenn,Pam,1,-0.28683333333333333,0.2225012709077311,3,0.0,1
Dwight,Glenn,1,0.05021428571428571,0.15940074770008747,7,0.0,1
Glenn,Val,1,0.0,0.0,2,0.0,1
Lonny,Madge,1,0.0,0.0,3,0.0,1
Dwight,Frank,1,0.05021428571428571,0.15940074770008747,7,0.0,1
Frank,Val,1,0.0,0.0,2,0.0,1
Frank,Glenn,1,0.0,0.0,2,0.0,1
Darryl,Nail manager,1,0.21796666666666667,0.41741139046375936,3,0.0,1
Nail manager,Oscar,1,0.17755,0.2826658495467749,4,0.0,1
Nail stylist 1,Nail stylist 2,1,0.07136666666666665,0.4792938996296763,3,0.0,1
Nail stylist 1,Nellie,1,0.072525,0.4455854652869638,4,0.0,1
Nail stylist 2,Nellie,1,0.29152,0.3578455890464489,5,0.0,1
Clark,Nail stylist 1,1,-0.021775000000000003,0.3070563659574574,4,0.0,1
Clark,Nail stylist 2,1,0.21608,0.28126143283429383,5,0.0,1
Brian,Frank,1,-0.07852857142857143,0.33032394798476983,7,0.0,1
Angela,Party Photographer,1,0.20624285714285714,0.3695349504334289,7,0.0,1
Party Photographer,Senator,1,0.2607857142857143,0.30043059777864284,7,0.0,1
Oscar,Party Photographer,1,0.2607857142857143,0.30043059777864284,7,0.0,1
Angela,Party Waiter,1,-0.12726666666666667,0.17998224603801588,3,0.0,1
Party Waiter,Senator,1,0.0,0.0,3,0.0,1
Party Photographer,Party Waiter,1,0.30425,0.3034429531779134,6,0.0,1
Oscar,Party Waiter,1,0.0,0.0,3,0.0,1
Party Guest,Senator,1,0.6179,0.4369238911603103,3,0.0,1
Alice,Kevin,1,0.23075555555555555,0.32990135263308,9,0.0,1
Darryl,Hunter,1,0.3793333333333333,0.016908840554245234,3,0.0,1
Kelly,Melissa,1,-0.13954285714285714,0.24342765928735885,7,0.0,1
Child,Dwight,1,0.2512,0.3297418141516177,5,0.0,1
Creed,Student 1,1,0.0,0.0,2,0.0,1
Alice,Meredith,1,0.3389875,0.34329270833175296,8,0.0,1
Alice,Creed,1,0.2796888888888889,0.32466504942938906,9,0.0,1
Pam,Roger,1,0.1366,0.1366,2,0.0,1
Mark,Roger,1,0.39010000000000006,0.3328522495041907,3,0.0,1
Athlead Coworker,Jim,1,0.225425,0.3253638991575433,8,0.0,1
Isaac,Jim,1,0.22669,0.33810891573574336,10,0.0,1
Athlead Coworker,Isaac,1,0.115875,0.29577318484778164,4,0.0,1
Athlead Coworker,Pam,1,0.17850000000000002,0.27528990008881377,11,0.0,1
Creed,Student 2,1,0.0,0.0,2,0.0,1
Kenny,Ryan,1,0.15067999999999998,0.1914724251687433,5,0.0,1
Kelly,Lonny,1,0.08087272727272726,0.24687458387871616,11,0.0,1
Henry,Zeke,1,0.1266875,0.1675173381884693,8,0.0,1
Esther,Zeke,1,0.08457142857142856,0.13371916962997718,7,0.0,1
Lonny,Toby,1,0.13465384615384615,0.2428895779991223,13,0.0,1
Fannie,Oscar,1,0.02891111111111111,0.2984086848767585,9,0.0,1
German Minister,Oscar,1,0.2247857142857143,0.28439706864358016,7,0.0,1
Henry,Oscar,1,0.14584285714285716,0.235448398090251,7,0.0,1
Esther,Oscar,1,0.0999,0.223383190952229,6,0.0,1
Oscar,Zeke,1,0.1323777777777778,0.20461277128478442,9,0.0,1
Erin,Todd Packer,1,0.32085714285714284,0.3265134469212687,7,0.0,1
Darry,Kevin,1,-0.22576666666666667,0.40364670470873687,6,0.0,1
Darry,Lonny,1,-0.08104000000000001,0.34705717454044943,5,0.0,1
Darry,Michael,1,0.09746666666666666,0.46221025398501153,6,0.0,1
Meredith,Woman 3,1,0.1072,0.1072,2,0.0,1
Man 3,Toby,1,0.20095,0.20095,2,0.0,1
Moderator,Pam,1,0.29569999999999996,0.022499999999999996,2,0.0,1
Man 2,Moderator,1,0.10606666666666666,0.1500009185157063,3,0.0,1
Mr. Brown,Oscar,1,0.2068,0.2551275857291798,4,0.0,1
Man,Phyllis,1,0.1591,0.1591,2,0.0,1
Darry,Darryl,1,-0.12186363636363634,0.36683179021732776,11,0.0,1
Mose,Zeke,1,0.0,0.0,5,0.0,1
Oscar,Oscar's Computer,1,0.0,0.0,2,0.0,1
Darry,Dwight,1,-0.16485000000000002,0.52435,2,0.0,1
Alice,Clark,1,0.188825,0.37252098514714577,8,0.0,1
Fannie,German Minister,1,0.07936249999999999,0.3463878892856244,8,0.0,1
Fannie,Henry,1,0.010287499999999991,0.2798409344498228,8,0.0,1
German Minister,Henry,1,0.2326,0.26256348438679233,6,0.0,1
Esther,Fannie,1,-0.048457142857142865,0.2487785409736531,7,0.0,1
Esther,German Minister,1,0.19482,0.272329817684366,5,0.0,1
Esther,Henry,1,0.0843,0.1686,5,0.0,1
Andy,Darry,1,-0.3446,0.3446,2,0.0,1
Dwight,German Minister,1,0.14979285714285712,0.300482893414407,14,0.0,1
Dwight,Henry,1,0.11032142857142857,0.2705641148694742,14,0.0,1
Andy,Lonny,1,0.056799999999999996,0.16967791842193256,5,0.0,1
German Minister,Jeb,1,0.260475,0.3659646251688816,8,0.0,1
Henry,Jeb,1,0.19140000000000001,0.3424575557642143,8,0.0,1
Esther,Jeb,1,0.15852857142857144,0.3541000048988813,7,0.0,1
Darry,Guy,1,-0.3446,0.3446,2,0.0,1
German Minister,Zeke,1,0.1957625,0.2316355323428381,8,0.0,1
Group,Pete,1,-0.08713333333333334,0.35380508130262284,3,0.0,1
Darry,Jim,1,-0.06960000000000001,0.3368065557556741,5,0.0,1
Darry,Oscar,1,-0.3446,0.3446,2,0.0,1
Barbara,Pam,1,0.2519,0.2519,2,0.0,1
Esther,Mr. Ruger,1,0.28175,0.07945,2,0.0,1
Kevin,Promo Voice,1,0.19063333333333332,0.269596245440391,3,0.0,1
Phyllis,Promo Voice,1,0.45594999999999997,0.11594999999999997,2,0.0,1
Oscar,Promo Voice,1,0.28595,0.28595,2,0.0,1
Group,Toby,1,0.19375,0.19375,2,0.0,1
Darryl,Todd Packer,1,0.16463333333333333,0.23282669281869056,3,0.0,1
Larry,Michael,1,0.2778,0.35110941884261665,5,0.0,1
Angela,Todd Packer,1,0.26913333333333334,0.380612010086679,3,0.0,1
Meredith,Todd Packer,1,-0.07959999999999999,0.15478949146071466,3,0.0,1
Aunt Shirley,Fannie,1,-0.22896666666666668,0.1717641082673819,3,0.0,1
Aunt Shirley,Jeb,1,-0.09106666666666667,0.12878771508010986,3,0.0,1
Aunt Shirley,Dwight,1,-0.17056666666666667,0.5180543364894802,3,0.0,1
Clark,Esther,1,0.04164000000000001,0.2630523453611467,10,0.0,1
Ruger Sister 1,Ruger Sister 2,1,0.31245,0.31245,2,0.0,1
Clark,Ruger Sister 2,1,0.26335,0.26335,2,0.0,1
Clark,Salesmen,1,0.0,0.0,3,0.0,1
Salesman,Salesmen,1,0.0,0.0,2,0.0,1
Clark,Salesman,1,0.0,0.0,3,0.0,1
Ruger Sister 1,Salesmen,1,0.0,0.0,2,0.0,1
Darryl,Larry,1,0.1858,0.26276087988892105,3,0.0,1
Ruger Sister 1,Salesman,1,0.0,0.0,2,0.0,1
Mr. Ruger,Salesmen,1,0.12040000000000001,0.17027131290972067,3,0.0,1
Kelly,Larry,1,0.113675,0.25959296383954633,4,0.0,1
Mr. Ruger,Salesman,1,0.12040000000000001,0.17027131290972067,3,0.0,1
Mr. Ruger,Ruger Sister 1,1,0.12040000000000001,0.17027131290972067,3,0.0,1
Dwight,Salesmen,1,0.39280000000000004,0.334367941046985,3,0.0,1
Dwight,Ruger Sister 1,1,0.39280000000000004,0.334367941046985,3,0.0,1
Larry,Ryan,1,0.1858,0.26276087988892105,3,0.0,1
Clark,Mrs. Davis,1,0.23853333333333335,0.24950218881248762,6,0.0,1
Pete,Robert,1,0.11270000000000001,0.34426376515689244,6,0.0,1
Kevin,Reporter #2,1,0.0,0.0,2,0.0,1
Erin,Reporter #2,1,0.0,0.0,3,0.0,1
Phyllis,Reporter #2,1,0.2997,0.2997,2,0.0,1
Kevin,Reporter #1,1,0.0,0.0,2,0.0,1
Reporter #1,Reporter #2,1,0.0,0.0,2,0.0,1
Erin,Reporter #1,1,0.0,0.0,3,0.0,1
Phyllis,Reporter #1,1,0.2997,0.2997,2,0.0,1
Andy,Reporter #2,1,0.07316666666666667,0.41285004810732695,3,0.0,1
Andy,Reporter #1,1,0.07316666666666667,0.41285004810732695,3,0.0,1
Reporter #2,Robert,1,0.1806,0.1806,2,0.0,1
Reporter #1,Robert,1,0.1806,0.1806,2,0.0,1
Denise,Jim,1,-0.03732105263157894,0.18584842884500025,19,0.0,1
Angela & Oscar,Senator,1,0.1806,0.1806,2,0.0,1
Andy,Denise,1,-0.032054545454545454,0.21255919544975682,11,0.0,1
"Bob Vance, Vance Refrigeration",Esther,1,0.09866666666666667,0.13953573815414536,3,0.0,1
"Bob Vance, Vance Refrigeration",Dwight,1,0.13643333333333332,0.19493412277541924,6,0.0,1
Angela,"Bob Vance, Vance Refrigeration",1,-0.24966666666666668,0.3530819860724827,3,0.0,1
"Bob Vance, Vance Refrigeration",Group,1,0.0,0.0,2,0.0,1
Denise,Jamie,1,-0.005659999999999998,0.24404786497734413,10,0.0,1
"Bob Vance, Vance Refrigeration",Nellie,1,-0.014124999999999999,0.20551159790873116,4,0.0,1
Jim,Spanish Teacher,1,0.177825,0.1808072506151233,4,0.0,1
Andy,Spanish Teacher,1,0.13337142857142856,0.38014124711099434,7,0.0,1
Jamie,Spanish Teacher,1,0.14226,0.17667055895083367,5,0.0,1
Barbara Allen,Dwight,1,-0.19026666666666667,0.20085204892048164,6,0.0,1
Barbara Allen,Michael,1,-0.022922222222222215,0.27169844712997443,9,0.0,1
Group,Robert,1,0.18076666666666666,0.2556426716249765,3,0.0,1
Andy,Todd,1,0.03322,0.04528789683789699,5,0.0,1
Carla,Dwight,1,0.19906666666666664,0.30029851814486197,9,0.0,1
Mrs. Davis,Stanley,1,0.26025000000000004,0.2690625029616725,10,0.0,1
Dwight,Mrs. Davis,1,0.29043636363636366,0.24087892950128692,11,0.0,1
Oscar,Philip,1,0.0,0.0,2,0.0,1
David,Sensei,1,0.34138888888888885,0.35844439346972157,9,0.0,1
David,Esther,1,0.20463333333333333,0.43897221121868546,3,0.0,1
Esther,Sensei,1,0.46897500000000003,0.26884645129701823,8,0.0,1
Chad Lite,Creed,1,0.12786666666666666,0.25296921200458805,6,0.0,1
Creed,Esther,1,0.5748,0.11599999999999999,2,0.0,1
Darryl,Director,1,-0.09106666666666667,0.12878771508010986,3,0.0,1
Darryl,Producer,1,0.1661,0.12352281840480593,3,0.0,1
Chad Lite,Michael,1,0.03479,0.29704135890478284,10,0.0,1
Barbara,Chad Lite,1,0.02236666666666667,0.2907479893882902,9,0.0,1
Darryl,Production Assistant,1,0.0,0.0,3,0.0,1
Andy,Production Assistant,1,0.01544,0.03088,5,0.0,1
Erin,Esther,1,0.31034999999999996,0.20908525175152837,4,0.0,1
Andy,School Official,1,-0.04663333333333333,0.09841748941231035,6,0.0,1
Esther,Group,1,0.09866666666666667,0.13953573815414536,3,0.0,1
"Bob Vance, Vance Refrigeration",Erin,1,0.3151333333333333,0.24124123933431357,3,0.0,1
Camera Crew,Jim,1,0.4135,0.1872,2,0.0,1
Darryl,Hank,1,0.42428,0.24615563694540896,10,0.0,1
Andy,Soldier,1,0.22995,0.35750442771150864,6,0.0,1
Casey,Soldier,1,0.12869999999999998,0.4415136509780869,5,0.0,1
Jim & Dwight,Pete,1,0.0,0.0,4,0.0,1
Jim & Dwight,Pam,1,0.14049999999999999,0.19869700551341987,3,0.0,1
Dwight,Jim & Dwight,1,-0.074,0.12817175976009693,4,0.0,1
Jim,Jim & Dwight,1,0.13362000000000002,0.2413646154679679,10,0.0,1
Jim & Dwight,Meredith,1,0.0,0.0,3,0.0,1
Darryl,Glenn,1,0.0,0.0,3,0.0,1
Andy,Mark McGrath,1,0.22520833333333334,0.44455870526911917,12,0.0,1
Casey,Mark McGrath,1,0.38569090909090914,0.35661727754643086,11,0.0,1
IT Tech Guy,Jim,1,-0.029580000000000006,0.2050394342559499,5,0.0,1
IT Tech Guy,Pam,1,-0.00645714285714286,0.1706046294560518,7,0.0,1
Karen,Receptionist,1,0.4092,0.33466598771511474,6,0.0,1
Angela,Philip,1,0.0,0.0,2,0.0,1
Andy,Clay Aiken,1,0.13232500000000003,0.5925813869911316,12,0.0,1
Clay Aiken,Santigold,1,-0.018383333333333324,0.24591538122334322,6,0.0,1
Andy,Santigold,1,0.10479999999999993,0.5745017369114611,14,0.0,1
Aaron Rodgers,Clay Aiken,1,0.14375000000000002,0.21070536893966418,6,0.0,1
Aaron Rodgers,Andy,1,0.1742857142857143,0.5589996049795983,14,0.0,1
Aaron Rodgers,Santigold,1,0.092725,0.2898543200902826,8,0.0,1
Andy,People in line,1,0.0,0.0,6,0.0,1
Casey,People in line,1,-0.2654,0.2654,2,0.0,1
Check-in guy,People in line,1,0.15372857142857144,0.299398586284885,7,0.0,1
Casey,Check-in guy,1,0.0779,0.38399659224678395,7,0.0,1
Pam,Phillip,1,0.1468,0.20760655095637034,3,0.0,1
David,Hunter,1,0.08411666666666666,0.2296032550340309,6,0.0,1
Phillip,Stanley,1,0.0,0.0,3,0.0,1
Oscar,Phillip,1,0.165775,0.24459826629598175,4,0.0,1
Esther,Jim,1,0.10713333333333334,0.2395574159894775,6,0.0,1
Angela & Oscar,Dwight,1,0.20095,0.20095,2,0.0,1
Malcolm,Meredith,1,0.11273333333333334,0.15942900893152692,3,0.0,1
Malcolm,Oscar,1,0.1691,0.1691,2,0.0,1
Dakota,Oscar,1,0.003166666666666688,0.567918611148542,3,0.0,1
Bill Hader,Seth Mayers,1,0.1726,0.18526273235597063,4,0.0,1
Andy,Casey Dean,1,-0.5011,0.024399999999999977,2,0.0,1
Jim,Zeke,1,0.38554999999999995,0.11873551490602968,4,0.0,1
Dwight,JIm,1,0.17563333333333334,0.2421706331402624,6,0.0,1
CameraMan,Dwight,1,0.22214,0.22702182802541257,5,0.0,1
Bartender,Kevin,1,0.10496249999999999,0.2915601993478362,8,0.0,1
Bartender,Erin,1,0.11118571428571429,0.2723482666868782,7,0.0,1
Bartender,Phyllis,1,0.00464,0.00928,5,0.0,1
Bartender,Clark,1,0.0,0.0,5,0.0,1
Andy,Bartender,1,-0.04933333333333333,0.11031268688998962,6,0.0,1
Bartender,Creed,1,0.0,0.0,6,0.0,1
Bartender,Stanley,1,0.0843,0.1686,5,0.0,1
Bartender,Oscar,1,0.0,0.0,5,0.0,1
Liquor Store Clerk,Michael,1,0.21334999999999998,0.23250691925187947,4,0.0,1
Dwight,Jim and Pam,1,0.17586,0.2247375144474104,5,0.0,1
Jakey,Rachel,1,0.13536666666666666,0.21777116940086955,6,0.0,1
Pam,Rachel,1,0.09765,0.21835203800285444,6,0.0,1
Jakey,Meredith,1,0.16694,0.3578008110667163,10,0.0,1
Clark,Stripper,1,0.09249999999999999,0.14923455810680492,6,0.0,1
Darryl,Stripper,1,0.09249999999999999,0.14923455810680492,6,0.0,1
Dwight,Stripper,1,0.2912818181818182,0.30439006619253234,11,0.0,1
All,Clark,1,0.0,0.0,2,0.0,1
All,Stripper,1,0.09249999999999999,0.14923455810680492,6,0.0,1
Captain Jack,Pam,1,0.3617000000000001,0.23249767023922344,3,0.0,1
Captain Jack,Jim,1,0.18225,0.21533574366556052,4,0.0,1
Dwight,Malcolm,1,0.11273333333333334,0.15942900893152692,3,0.0,1
Darryl,Malcolm,1,0.15141666666666667,0.14248780552111195,6,0.0,1
Andy,Malcolm,1,0.2705416666666666,0.24545620606784874,12,0.0,1
Jim,Malcolm,1,0.25953333333333334,0.18820090919605628,3,0.0,1
Darryl,Darryl and Katy,1,0.0,0.0,2,0.0,1
Erin,Moderator,1,0.5058166666666667,0.3123739181209312,6,0.0,1
Joan,Moderator,1,0.10671666666666668,0.5821350771561147,6,0.0,1
Erin,Joan,1,0.17664,0.45699128481843065,10,0.0,1
Ed,Moderator,1,0.4772,0.4772,2,0.0,1
Darryl and Katy,Pam,1,-0.09183333333333334,0.12987194547792924,3,0.0,1
Ed,Joan,1,-0.05234999999999999,0.4423979496260502,6,0.0,1
Jim,Woman 4,1,0.3287,0.07656583224041037,3,0.0,1
Pam,Woman 4,1,0.563875,0.22054412682046193,4,0.0,1
Nellie,Ravi,1,0.315025,0.4958120328057801,4,0.0,1
Kevin,Minister,1,0.0,0.0,2,0.0,1
Dwight,Minister,1,0.11315,0.11315,2,0.0,1
Kelly,Minister,1,0.0,0.0,2,0.0,1
Man,Oscar,1,0.23565,0.08254999999999998,2,0.0,1
Darryl and Katy,Roy,1,0.0,0.0,4,0.0,1
Roy,Todd Packer,1,0.064,0.064,2,0.0,1
Man 2,Pam,1,0.09106666666666667,0.12878771508010986,3,0.0,1
Pam,Woman 2,1,0.21929999999999997,0.3660848626570985,3,0.0,1
All,Woman 1,1,0.43735,0.43735,2,0.0,1
Jim,Woman 1,1,0.3809666666666667,0.3658891119208417,3,0.0,1
Pam,Woman 1,1,0.57395,0.30075,2,0.0,1
David,Man 1,1,0.13095,0.20905,2,0.0,1
Dwight,Man 1,1,0.17,0.17,2,0.0,1
Man 1,Pete,1,0.15955000000000003,0.18045000000000003,2,0.0,1
David,Pete,1,-0.0495,0.028600000000000004,2,0.0,1
All,Man,1,0.0,0.0,2,0.0,1
Kevin,Mose,1,0.46895,0.2445500102228581,4,0.0,1
All,Mose,1,0.2488,0.024400000000000005,2,0.0,1
Erin,Jakey,1,0.03771666666666667,0.08433703055136707,6,0.0,1
Jakey,Phyllis,1,0.12564,0.1635898847728673,5,0.0,1
Jakey,Pam,1,0.0282875,0.07484169021173961,8,0.0,1
Angela,Jakey,1,0.08544545454545455,0.13268690668868413,11,0.0,1
